WGATAR_id,delta_cnn_atac,delta,effect
WGATAR_18,0.023947716,-0.22093744324714049,Negligible
WGATAR_19,1.2523255,1.3187055898271804,Negligible
WGATAR_20,0.5960865,1.7425433394158762,weak
WGATAR_21,-0.0064218044,0.2742675083777284,Negligible
WGATAR_22,0.38230324,0.8205576594018007,Negligible
WGATAR_23,0.28328395,0.12160619220777313,Negligible
WGATAR_24,0.059048176,-0.08926326108223126,Negligible
WGATAR_25,0.002191782,0.06021900893058252,Negligible
WGATAR_26,-0.023333311,0.07019393818726449,Negligible
WGATAR_27,0.06248808,0.06447092402752741,Negligible
WGATAR_28,1.0893908,0.5690913811525231,Negligible
WGATAR_29,0.25094175,0.23599626895870474,Negligible
WGATAR_30,0.92854095,1.628090372589651,Negligible
WGATAR_31,0.26133966,0.28109397552031234,Negligible
WGATAR_32,0.8171077,0.7323754919127166,Negligible
WGATAR_33,0.1751008,0.0065887794362464724,Negligible
WGATAR_34,-0.024610996,0.16160331887246837,Negligible
WGATAR_35,0.443856,1.1791250904326303,Negligible
WGATAR_36,0.08977151,0.06598061795392329,Negligible
WGATAR_37,-0.008081198,0.051121552226661926,Negligible
WGATAR_38,-0.0053083897,0.04427128531421243,Negligible
WGATAR_39,0.082874775,-0.11189369828969653,Negligible
WGATAR_40,0.013765812,-0.06957902951766126,Negligible
WGATAR_41,0.2806008,0.12556958182240496,Negligible
WGATAR_42,0.4437194,1.4760465114947472,strong
WGATAR_43,0.28577948,0.07870095421806944,Negligible
WGATAR_44,0.91937923,0.10120054828525316,Negligible
WGATAR_45,0.7644563,0.1579988652961153,strong
WGATAR_46,1.0735888,0.4835944107295904,Negligible
WGATAR_47,0.01975441,-0.03740964447879769,Negligible
WGATAR_48,0.04628849,0.12369591839184757,Negligible
WGATAR_49,0.051330566,0.12759633917934554,Negligible
WGATAR_50,0.13680506,0.05496267521249987,strong
WGATAR_51,1.6413715,0.5391771265733807,Negligible
WGATAR_52,0.2248478,0.09763580280045403,Negligible
WGATAR_53,0.38018918,-0.0806239620774134,Negligible
WGATAR_54,0.00415349,0.4774067941399984,Negligible
WGATAR_55,0.04332447,0.02181442121506727,weak
WGATAR_56,1.0330787,0.3245107288521947,Negligible
WGATAR_57,0.5535898,0.35080161207708915,Negligible
WGATAR_58,1.079946,1.8641764760235806,Negligible
WGATAR_59,0.10487127,0.36313218936883374,Negligible
WGATAR_60,0.067629576,0.17502942398269372,Negligible
WGATAR_185,-0.0036942959,0.05101625383272257,Negligible
WGATAR_186,0.017114162,0.01685988316076159,Negligible
WGATAR_187,0.08312321,0.04186911768071511,Negligible
WGATAR_188,0.13071442,0.2843706317270627,Negligible
WGATAR_189,0.067846775,-0.07544228984355072,Negligible
WGATAR_238,0.00027227402,-0.031517541597467336,Negligible
WGATAR_239,0.27361703,-0.19181253755119165,weak
WGATAR_240,0.048446655,-0.23588898857605933,Negligible
WGATAR_241,0.3053341,0.14210214808911203,Negligible
WGATAR_242,0.03714776,-0.9320428388493056,Negligible
WGATAR_243,0.37243438,0.44804069949992,Negligible
WGATAR_244,0.061045885,0.27151342401073375,Negligible
WGATAR_245,0.27006912,0.17185681734904534,Negligible
WGATAR_246,-0.0040500164,-0.11067122693078346,Negligible
WGATAR_247,-0.30619907,-0.01988509090318491,Negligible
WGATAR_248,0.04771042,-0.08932261796148344,Negligible
WGATAR_249,1.4139609,3.47326606822745,weak
WGATAR_250,-0.041846514,-0.09764022011271845,Negligible
WGATAR_251,0.0023612976,0.04197325681103159,Negligible
WGATAR_252,0.29424214,0.8109642687380578,Negligible
WGATAR_253,0.28589463,1.1508327195280925,Negligible
WGATAR_254,0.020437002,0.007257203200317086,Negligible
WGATAR_255,0.0012807846,0.20311968128055824,Negligible
WGATAR_256,-0.0051259995,0.06863065308802341,Negligible
WGATAR_257,0.2736473,0.13657875025460164,Negligible
WGATAR_258,0.121557474,-0.10767372015032883,Negligible
WGATAR_259,0.5126705,-0.024548422242974155,Negligible
WGATAR_260,0.021434784,0.05130350987527432,strong
WGATAR_261,0.54093003,1.0870731320473803,Negligible
WGATAR_262,-0.04331398,-0.0019468349291678066,Negligible
WGATAR_263,0.019976854,-0.18682802442583402,Negligible
WGATAR_264,0.08685684,-0.05579557737500629,Negligible
WGATAR_265,0.062085867,0.021049854576192573,Negligible
WGATAR_266,0.0637393,0.3474450274553771,Negligible
WGATAR_267,0.0016815662,0.09419154017085685,Negligible
WGATAR_268,0.60879326,0.10531351142715373,Negligible
WGATAR_269,0.19013977,0.1446881195038343,weak
WGATAR_270,0.60591936,1.5779673843737339,Negligible
WGATAR_271,0.07649851,0.048379963959490624,Negligible
WGATAR_272,0.16414642,0.04035679740107856,Negligible
WGATAR_273,0.062815666,0.6966962129487726,Negligible
WGATAR_274,0.79798555,2.4883826847545185,Negligible
WGATAR_275,-0.36702824,-0.7194376298829934,Negligible
WGATAR_276,0.061069965,0.07244585658102842,Negligible
WGATAR_277,0.68595195,0.35419574300406254,Negligible
WGATAR_278,0.11630988,0.05686607594281412,Negligible
WGATAR_279,0.051997423,-0.052271776540012915,Negligible
WGATAR_280,0.08410716,-0.06620185762376085,Negligible
WGATAR_281,1.1176348,0.4112409642681949,Negligible
WGATAR_282,2.007109,2.8162429704797236,Negligible
WGATAR_283,-0.016608238,0.04087216800052751,weak
WGATAR_284,0.10991788,0.13214631170858393,Negligible
WGATAR_285,0.5253308,0.7810006889201793,Negligible
WGATAR_286,1.3955283,2.3376998132081335,Negligible
WGATAR_287,0.42492604,0.3068394318010039,Negligible
WGATAR_288,0.18076253,0.5247719876469814,Negligible
WGATAR_289,0.18993759,0.15584370039618634,strong
WGATAR_290,0.3648882,-0.11346785917100544,Negligible
WGATAR_291,0.021677732,-0.05040331510961682,Negligible
WGATAR_292,0.041473627,0.07429223059631163,Negligible
WGATAR_293,0.032877684,0.0745471692237043,Negligible
WGATAR_294,0.6115973,-0.0221114656320216,Negligible
WGATAR_295,0.06544447,0.050525322867132516,Negligible
WGATAR_296,1.4441113,2.626463160784907,Negligible
WGATAR_297,1.0869317,3.3743346843270605,Negligible
WGATAR_298,0.048921585,0.013062073966910503,Negligible
WGATAR_299,0.07854509,-0.9442328412303915,Negligible
WGATAR_300,0.9944141,0.8960915440022212,Negligible
WGATAR_301,1.0233507,-0.16030540016334704,Negligible
WGATAR_302,0.3594606,-0.2267456056834538,Negligible
WGATAR_303,0.0053424835,0.029502635065864702,Negligible
WGATAR_304,0.054113388,-0.024895371039475478,Negligible
WGATAR_305,0.087228775,-0.022026136097211158,Negligible
WGATAR_306,0.2729993,-0.24868768036380473,Negligible
WGATAR_307,0.08920598,-0.03256760650510415,Negligible
WGATAR_308,0.255167,0.16321288365853448,Negligible
WGATAR_309,0.6286881,1.2451259847509455,weak
WGATAR_310,0.26337504,0.3902288816094499,Negligible
WGATAR_311,0.27607346,1.276650223578319,Negligible
WGATAR_524,0.5916424,0.8795498079443753,Negligible
WGATAR_525,0.97450495,2.3994346617655107,Negligible
WGATAR_526,0.54884005,0.3085677423441462,Negligible
WGATAR_527,0.0074477196,0.10442385476745919,Negligible
WGATAR_528,0.42215204,-0.4327595109164655,Negligible
WGATAR_529,0.30436277,0.8878423944013987,Negligible
WGATAR_530,0.7340441,1.1779147744341678,Negligible
WGATAR_531,0.890069,1.6556692529615793,Negligible
WGATAR_532,0.47133303,1.0753254218506516,Negligible
WGATAR_533,0.6266694,1.3916947023483957,Negligible
WGATAR_534,0.092867374,-0.056478473120167294,Negligible
WGATAR_535,0.043528795,0.0655009157049129,Negligible
WGATAR_536,0.12057257,0.2658664614175512,Negligible
WGATAR_537,0.21663237,-0.6257072563157005,Negligible
WGATAR_538,0.27968407,-0.5090550746296696,Negligible
WGATAR_539,0.57200813,1.049345340804663,Negligible
WGATAR_540,0.6786387,0.25392962158847343,weak
WGATAR_541,0.40023017,-0.031677554629243154,weak
WGATAR_542,-0.0005209446,0.055227750519478036,Negligible
WGATAR_543,0.83987427,1.045456955456877,weak
WGATAR_544,0.03350973,0.03714217450808022,Negligible
WGATAR_545,-0.011457205,-0.06226400543791577,Negligible
WGATAR_546,0.010775328,-0.12929395089488427,Negligible
WGATAR_547,0.014621496,0.04121603447438282,Negligible
WGATAR_548,-0.012526512,-0.1616771070760361,Negligible
WGATAR_549,-0.004326582,0.026106289264326676,Negligible
WGATAR_550,0.48387742,1.515997921387938,Negligible
WGATAR_551,0.2874763,0.3119978220261226,Negligible
WGATAR_552,0.07123494,0.7051086889441205,weak
WGATAR_553,0.20201421,0.5323825239309778,weak
WGATAR_554,0.29021406,0.2430890140165456,Negligible
WGATAR_555,0.7561095,2.4314778511442245,Negligible
WGATAR_556,0.9361689,2.775750471737757,Negligible
WGATAR_557,0.08042812,0.23688684203064536,Negligible
WGATAR_558,0.3456745,0.37003064586785595,weak
WGATAR_559,0.7001829,1.4297153476637599,weak
WGATAR_560,0.46628594,1.7594186445651863,Negligible
WGATAR_561,0.03771162,0.023788965744105717,Negligible
WGATAR_562,-0.015438557,-0.05622409274733364,Negligible
WGATAR_563,0.0057206154,-0.03326654312090849,Negligible
WGATAR_564,0.020149946,0.039799213485347096,Negligible
WGATAR_565,0.39844608,0.13061882952659598,Negligible
WGATAR_566,0.0263865,0.016097153163737055,weak
WGATAR_567,1.0616021,1.3373259805193092,strong
WGATAR_568,0.6129129,1.1331233853451805,Negligible
WGATAR_569,0.23623633,0.20316341403597526,Negligible
WGATAR_570,0.095071316,0.16074672635777798,Negligible
WGATAR_571,0.31553364,0.4661627263646322,Negligible
WGATAR_572,1.4166667,2.5508254504875176,weak
WGATAR_573,-0.0086500645,0.07902281656648569,Negligible
WGATAR_574,-0.009269476,-0.014937466352692219,Negligible
WGATAR_575,0.27851105,0.2952554147358688,weak
WGATAR_576,0.12580585,-0.20757174945944357,Negligible
WGATAR_577,0.4141097,1.1066796996427088,Negligible
WGATAR_578,0.80007505,0.3862964622204057,weak
WGATAR_579,0.034382105,0.1836090625972533,Negligible
WGATAR_580,0.29035378,0.01276298714255919,Negligible
WGATAR_581,0.4010172,0.7909717136774095,Negligible
WGATAR_582,0.28324032,0.18638433851907887,Negligible
WGATAR_583,0.13144898,1.572009452746797,weak
WGATAR_584,1.0432787,1.1412598568388264,weak
WGATAR_585,0.8045213,0.725910377730318,Negligible
WGATAR_586,0.6218567,0.5290224930611167,strong
WGATAR_587,0.40083075,0.5070045727388113,Negligible
WGATAR_588,0.11323261,0.06583698749127365,Negligible
WGATAR_589,1.1951625,2.923041306193796,Negligible
WGATAR_590,0.31743383,1.0945037499015342,Negligible
WGATAR_591,0.73022795,2.0357220435020658,Negligible
WGATAR_592,0.20684242,0.4417303001147932,Negligible
WGATAR_593,0.5234976,0.18843650258946987,Negligible
WGATAR_594,-0.019283772,-0.35093290991406345,Negligible
WGATAR_595,1.260216,2.5532253756657,strong
WGATAR_596,0.2762947,-0.08793850712985751,Negligible
WGATAR_597,0.013709307,0.09416954895434948,Negligible
WGATAR_598,0.18898487,0.6136266174194285,Negligible
WGATAR_599,0.19793439,0.19209898890724642,Negligible
WGATAR_600,0.051713467,0.19780840688622536,weak
WGATAR_601,0.3825984,1.1764899905818655,Negligible
WGATAR_602,0.0033855438,-0.13040803943005663,Negligible
WGATAR_603,0.008636475,0.04240538297327756,Negligible
WGATAR_604,0.4586048,0.33769497264252113,Negligible
WGATAR_605,-0.0043776035,-0.008658073253364762,Negligible
WGATAR_606,-0.0047228336,-0.01603053923846165,Negligible
WGATAR_607,-0.010047197,0.03969822467653206,Negligible
WGATAR_608,0.085727215,0.009784922355081882,Negligible
WGATAR_609,0.42062092,1.3579750883803783,Negligible
WGATAR_610,0.12419367,0.7385762518450183,Negligible
WGATAR_611,0.015903234,0.07272047365174128,weak
WGATAR_612,-0.013062477,0.15213067120465507,Negligible
WGATAR_613,0.70524454,0.13385612682077008,Negligible
WGATAR_614,0.35451078,0.38651196701979496,Negligible
WGATAR_615,1.088964,2.6998826361999266,Negligible
WGATAR_616,0.09885645,0.46025583385442603,Negligible
WGATAR_617,0.17945361,0.17503448235054542,Negligible
WGATAR_618,0.21150732,0.02197501853182704,Negligible
WGATAR_619,0.10871363,0.21417137156289634,Negligible
WGATAR_620,0.05333042,0.10429065986702835,weak
WGATAR_621,0.007918835,-0.022848496871845647,Negligible
WGATAR_622,0.22532558,0.43157265398373745,Negligible
WGATAR_623,0.7212682,1.951038403400858,Negligible
WGATAR_624,0.710289,1.809452643281234,Negligible
WGATAR_625,-0.015130997,0.05940835027331026,Negligible
WGATAR_626,0.04984784,0.11092422576598171,Negligible
WGATAR_627,0.017625809,-0.0015487004562615425,Negligible
WGATAR_628,-0.043762207,-0.3176206775223749,Negligible
WGATAR_629,0.42149568,0.9230076706185617,Negligible
WGATAR_630,-0.0015757084,0.3526358498488591,Negligible
WGATAR_631,0.026666641,0.4333411642860092,Negligible
WGATAR_632,0.008669376,0.10242342844707064,Negligible
WGATAR_633,0.0014827251,-0.0181610906207208,Negligible
WGATAR_634,-0.008799076,0.06209065795793833,Negligible
WGATAR_635,0.43144345,-0.2086795638001222,Negligible
WGATAR_636,0.2500038,-0.15310705179529727,strong
WGATAR_637,0.3266852,0.1383529880689256,Negligible
WGATAR_638,0.047526598,0.07151198231721434,Negligible
WGATAR_639,0.010642052,0.0433319269504695,Negligible
WGATAR_640,-0.010665894,-0.03531959235751092,Negligible
WGATAR_641,0.5561228,0.9282378897147208,Negligible
WGATAR_689,0.18657017,0.27262997083724994,Negligible
WGATAR_690,0.05748105,-0.14729897355097332,Negligible
WGATAR_691,0.45702982,-0.04258208190619328,Negligible
WGATAR_692,0.74144244,-0.006150599224646669,Negligible
WGATAR_693,0.40516567,-0.050206235001206245,Negligible
WGATAR_694,0.94708323,0.8941270467617084,weak
WGATAR_695,0.058272123,0.22328930486599496,Negligible
WGATAR_696,1.1010108,2.4890601902507945,Negligible
WGATAR_697,0.61782503,1.3949423345999579,Negligible
WGATAR_698,0.15222788,-0.2485283431489238,Negligible
WGATAR_699,-0.1170907,-0.0676479900942093,Negligible
WGATAR_700,0.28600407,0.06560859711111622,weak
WGATAR_701,0.0075132847,0.16736914636185496,Negligible
WGATAR_702,0.13171434,0.6896703625786156,Negligible
WGATAR_703,0.0064737797,-0.03646211605832583,Negligible
WGATAR_704,0.5536742,0.9059161981327857,Negligible
WGATAR_705,0.76144505,2.081043005716773,Negligible
WGATAR_706,0.55707645,1.5474355945664944,Negligible
WGATAR_707,0.06513715,0.09041643879425898,weak
WGATAR_708,0.14930129,-0.10336602354365798,Negligible
WGATAR_709,0.099149466,-0.061856641328866147,Negligible
WGATAR_710,0.1880014,0.4439746995097309,Negligible
WGATAR_711,0.7602725,1.962525629824659,Negligible
WGATAR_712,0.8023615,2.094052380732132,Negligible
WGATAR_713,-0.0065541267,-0.0969140779265869,Negligible
WGATAR_714,0.48453927,0.006831578481397926,Negligible
WGATAR_715,0.43636727,0.5070538631773012,Negligible
WGATAR_716,0.34171152,0.47005655242504396,Negligible
WGATAR_717,0.020104885,0.07306692850566598,Negligible
WGATAR_718,0.0005478859,0.004157726390931593,Negligible
WGATAR_719,1.2270794,1.854650671870818,Negligible
WGATAR_720,0.7029922,2.411235592794805,strong
WGATAR_721,0.94655895,0.028598672188086205,Negligible
WGATAR_722,0.097080946,0.010698021683275272,Negligible
WGATAR_723,0.0023362637,-0.059378443687132965,Negligible
WGATAR_724,0.10996032,0.009846427295367555,Negligible
WGATAR_725,0.00643301,-0.02877764589847942,Negligible
WGATAR_726,-0.007781267,0.1039707731651065,strong
WGATAR_727,1.2163668,2.243017651000791,weak
WGATAR_728,0.38337708,1.3692951124995631,Negligible
WGATAR_729,0.09035969,0.10312500874535768,Negligible
WGATAR_730,0.32607174,0.09247659109487483,strong
WGATAR_731,0.011448145,0.07006526191005946,Negligible
WGATAR_732,0.25895905,0.1697244144154606,strong
WGATAR_733,0.36697364,0.46321896159120346,Negligible
WGATAR_734,0.34630466,0.4551945005382958,weak
WGATAR_735,-0.01464963,0.04194896304661011,Negligible
WGATAR_736,0.027187586,0.07043650919354594,Negligible
WGATAR_737,0.029314518,0.008525009280371698,Negligible
WGATAR_738,0.25738907,0.1592778843975422,Negligible
WGATAR_739,-0.0045046806,0.21301763044004307,Negligible
WGATAR_740,0.6771765,0.7652535937896907,Negligible
WGATAR_741,0.045453787,0.0913845572728702,Negligible
WGATAR_742,0.6647687,0.337383064841001,Negligible
WGATAR_743,0.50977755,1.1874608420977184,strong
WGATAR_744,0.3268385,0.2863313300245718,Negligible
WGATAR_745,0.13457656,0.8443942311370867,Negligible
WGATAR_746,-0.011084795,-0.054585640483971076,Negligible
WGATAR_747,-0.019863129,0.02873005825195296,Negligible
WGATAR_820,0.8364396,2.5817310665552897,weak
WGATAR_821,0.28011703,-0.004367314438673553,Negligible
WGATAR_822,0.15705776,-0.634396245553857,Negligible
WGATAR_823,0.1626575,-0.4606328943321376,Negligible
WGATAR_824,-0.015261412,-0.06330432893393745,Negligible
WGATAR_825,0.0024893284,-0.06393646398555042,Negligible
WGATAR_826,0.30311823,-0.4931730122137612,Negligible
WGATAR_827,0.5028186,0.17650226693899373,weak
WGATAR_828,0.016807556,-0.06172518566230778,Negligible
WGATAR_829,0.033127546,0.2381367968542758,Negligible
WGATAR_830,0.35061455,-0.18636752804569134,Negligible
WGATAR_831,0.37661576,-0.06616285933022681,Negligible
WGATAR_832,-0.030211926,-0.0239979415192364,Negligible
WGATAR_833,0.15674734,0.02107674556161232,Negligible
WGATAR_834,0.0036678314,-0.11647654955321851,Negligible
WGATAR_835,1.1823397,2.031877227083146,Negligible
WGATAR_836,0.093963146,0.8107799651205889,Negligible
WGATAR_837,0.036566734,0.6053461399354738,Negligible
WGATAR_838,0.47268653,0.34480554967050114,Negligible
WGATAR_839,0.8730707,0.5204144136705038,Negligible
WGATAR_840,-0.0003182888,-0.06258689139371754,Negligible
WGATAR_841,0.124859095,0.5343488591875714,Negligible
WGATAR_842,0.014934778,-0.018274029589718133,Negligible
WGATAR_843,0.04004979,0.09705376198787885,Negligible
WGATAR_844,0.3281083,0.8536657812239419,Negligible
WGATAR_845,0.01975751,0.0017903092076663185,Negligible
WGATAR_846,-0.010217667,0.0909083892836362,Negligible
WGATAR_847,0.0045599937,0.002605050582551449,Negligible
WGATAR_848,0.21426773,0.5662973680291881,Negligible
WGATAR_849,0.3629408,0.5236298420422703,Negligible
WGATAR_850,-0.0120821,-0.04969873191303087,Negligible
WGATAR_851,0.009182215,-0.01234272564841099,Negligible
WGATAR_852,-0.0012233257,0.05675416147604562,Negligible
WGATAR_853,0.05192399,0.30790924429429634,Negligible
WGATAR_854,0.078491926,0.1664900798768736,Negligible
WGATAR_855,0.020707369,-0.0838764097435174,Negligible
WGATAR_856,0.4202876,0.4345035672074129,Negligible
WGATAR_857,0.31274557,0.19984308354210523,Negligible
WGATAR_858,-0.0009968281,0.09009396680860782,Negligible
WGATAR_859,0.31946135,1.0326878531357089,Negligible
WGATAR_860,0.056268454,0.07342454413353217,Negligible
WGATAR_861,0.52027607,0.8902850086774245,Negligible
WGATAR_862,0.31463957,0.09461701254755184,Negligible
WGATAR_863,0.16152048,0.21282303198578045,Negligible
WGATAR_864,-0.0035543442,0.059846474606198186,Negligible
WGATAR_865,-0.0032885075,0.023002665354404428,Negligible
WGATAR_866,1.3453686,2.106091358650247,Negligible
WGATAR_867,0.15556335,0.1114754925543977,Negligible
WGATAR_868,0.32206726,0.37215762502539285,Negligible
WGATAR_869,0.9949589,0.2842917146218289,Negligible
WGATAR_870,0.12458587,0.1146823551743994,weak
WGATAR_871,0.35896397,1.0000554496306089,Negligible
WGATAR_872,0.31177258,0.16734319836373945,strong
WGATAR_873,1.8766878,1.4814212232576338,weak
WGATAR_874,0.23908877,7.480788429337082e-05,Negligible
WGATAR_875,0.65977645,0.4149507704609068,Negligible
WGATAR_876,0.073745966,0.019310671393008683,Negligible
WGATAR_877,-0.027575731,0.00012200126637207376,Negligible
WGATAR_878,1.1092367,3.7597883185178658,Negligible
WGATAR_879,0.22413945,-0.13645607958079253,Negligible
WGATAR_880,0.23947144,0.10151332352302944,Negligible
WGATAR_881,0.6611798,0.3159632710996876,Negligible
WGATAR_882,0.2536385,-0.024243311674802648,Negligible
WGATAR_883,0.014710188,0.04108148141887913,Negligible
WGATAR_914,0.06079626,-0.05431371821462072,Negligible
WGATAR_915,0.23998165,0.30941202667345546,Negligible
WGATAR_916,0.00078320503,0.13132039666650908,Negligible
WGATAR_917,0.15327334,-0.029693271815426137,Negligible
WGATAR_918,0.32265067,-0.028147456448063934,weak
WGATAR_919,0.5638561,2.284022862783761,Negligible
WGATAR_920,0.47562456,0.8696987672324883,Negligible
WGATAR_921,0.035256147,0.06662868522255305,Negligible
WGATAR_922,1.6628752,2.5415433312531843,Negligible
WGATAR_923,5.9366226e-05,0.008279021888524696,Negligible
WGATAR_924,0.043403625,0.5916856996157138,Negligible
WGATAR_925,0.10210872,0.030250270893149356,Negligible
WGATAR_926,0.66079426,0.3139321335174765,Negligible
WGATAR_927,0.07682514,0.5745805820141046,Negligible
WGATAR_928,0.17685461,-0.11449833577732704,Negligible
WGATAR_929,0.049146414,-0.00546301140674732,Negligible
WGATAR_930,-0.0020728111,-0.05859463141557075,Negligible
WGATAR_931,0.22115183,0.4102433302499362,Negligible
WGATAR_932,0.039700508,-0.07303124514884374,Negligible
WGATAR_933,0.6981847,0.3518158394075117,Negligible
WGATAR_934,0.40704012,0.4610314329199281,Negligible
WGATAR_935,0.68334436,0.7771528602551876,Negligible
WGATAR_936,0.6792512,1.706647422054767,Negligible
WGATAR_937,0.116286755,0.10069508543183847,Negligible
WGATAR_962,0.013659477,0.05322604331784664,Negligible
WGATAR_963,-0.018785238,0.09345004944649826,Negligible
WGATAR_964,0.07226515,0.016323695855385623,strong
WGATAR_965,0.2458601,0.18464784110585786,Negligible
WGATAR_966,0.057549953,-0.27930737138154704,weak
WGATAR_967,1.463505,1.2150394169260448,Negligible
WGATAR_968,-0.006695986,-0.045257396592756294,Negligible
WGATAR_969,0.017647028,-0.007978789955596532,Negligible
WGATAR_970,0.034523964,0.20072612460421002,Negligible
WGATAR_971,0.02885747,0.22544317786063406,Negligible
WGATAR_972,0.49814653,0.93298283268817,Negligible
WGATAR_973,-0.16852784,-1.1014305538230884,Negligible
WGATAR_987,0.12001014,0.7146186100251795,Negligible
WGATAR_988,-0.005759716,-0.06092243519641727,Negligible
WGATAR_989,0.0004823208,-0.16177867019897185,Negligible
WGATAR_990,0.0767107,0.04491701550046745,Negligible
WGATAR_991,-0.0036158562,0.01632102900679122,weak
WGATAR_1064,0.14685297,-0.25339860627306443,Negligible
WGATAR_1065,0.51979136,0.03842888210388917,Negligible
WGATAR_1066,0.39654493,0.5865284939619064,Negligible
WGATAR_1067,0.95400214,0.6952279745304732,Negligible
WGATAR_1068,0.50957084,0.08051633000115199,Negligible
WGATAR_1069,0.175637,1.1978000400083424,Negligible
WGATAR_1070,1.49031,2.8563965572930474,Negligible
WGATAR_1071,0.6890874,-0.42284327520265497,Negligible
WGATAR_1072,0.16679764,-0.08148381612032951,Negligible
WGATAR_1073,0.5731373,0.08126099601300618,Negligible
WGATAR_1074,0.069606304,0.1675198787250114,Negligible
WGATAR_1075,0.013780117,0.10198840737002524,Negligible
WGATAR_1076,1.2552454,0.2798321160500983,Negligible
WGATAR_1077,0.43385744,0.2028681253035165,weak
WGATAR_1078,1.4432292,3.1832721618311273,Negligible
WGATAR_1079,0.09197307,0.32387951047308583,Negligible
WGATAR_1080,0.856467,0.8898795226142369,Negligible
WGATAR_1081,-0.25474358,-0.08944721359906804,Negligible
WGATAR_1082,0.107863665,0.1676029737996405,Negligible
WGATAR_1083,-0.0102574825,-0.010365470482291528,Negligible
WGATAR_1084,0.1882832,-0.22756218325167588,Negligible
WGATAR_1085,2.0896738,2.4853703572617154,Negligible
WGATAR_1086,0.46690512,0.3024983529034717,Negligible
WGATAR_1087,0.25025797,0.3397098770124467,Negligible
WGATAR_1088,0.10777521,-0.08767744623534224,Negligible
WGATAR_1089,1.1162584,1.92786389293554,Negligible
WGATAR_1090,0.47089434,0.43790896469819085,Negligible
WGATAR_1129,0.03903818,-0.01606656672854978,Negligible
WGATAR_1130,-0.00560236,-0.5593382479435394,Negligible
WGATAR_1131,0.16515613,-0.3204260858670738,Negligible
WGATAR_1132,0.81933975,0.9102783788689495,Negligible
WGATAR_1133,0.0004618168,0.0020009127664009085,Negligible
WGATAR_1134,0.001832962,0.03879300708437139,Negligible
WGATAR_1135,0.011215925,-0.015313705549723444,Negligible
WGATAR_1136,0.037047625,-0.34685996633115934,Negligible
WGATAR_1137,0.8281374,2.1914019390265382,Negligible
WGATAR_1138,0.14238882,0.34634772255497115,Negligible
WGATAR_1139,0.20680475,-0.048589649138018665,Negligible
WGATAR_1140,0.07035589,-0.04652004574276081,Negligible
WGATAR_1141,1.1197543,2.315769068404833,Negligible
WGATAR_1142,0.29675722,0.29976785753066615,Negligible
WGATAR_1143,1.122128,1.8526698714999217,Negligible
WGATAR_1144,0.08026075,0.18191830385388386,weak
WGATAR_1145,0.8925793,0.3246569250998972,Negligible
WGATAR_1146,0.19234514,1.0554265373735192,Negligible
WGATAR_1147,0.5298705,0.7227848778248873,strong
WGATAR_1148,0.06477237,0.07671743693497479,Negligible
WGATAR_1149,0.39374113,0.14685526762365875,Negligible
WGATAR_1150,0.42702174,1.14874835998996,Negligible
WGATAR_1151,0.4936099,0.051976294225239084,weak
WGATAR_1152,-0.0065505505,0.06275422796861552,Negligible
WGATAR_1153,0.0055983067,0.027949806428505752,Negligible
WGATAR_1154,0.2884295,0.8538516150193365,Negligible
WGATAR_1155,0.32326126,0.4375783933604698,strong
WGATAR_1156,0.019990921,-0.17616498813698733,Negligible
WGATAR_1157,0.14316988,0.01718768236533741,Negligible
WGATAR_1158,0.062299967,-0.05925727657600266,Negligible
WGATAR_1159,0.8614602,0.7483644273758916,Negligible
WGATAR_1160,0.6572318,0.7144072925531764,Negligible
WGATAR_1161,0.6963897,1.478650687169535,Negligible
WGATAR_1162,1.1814919,1.1701646555735072,Negligible
WGATAR_1163,0.01272583,-0.0018917617851332835,Negligible
WGATAR_1164,0.5981903,1.1016457683109016,Negligible
WGATAR_1165,1.0500379,1.568936277876853,Negligible
WGATAR_1166,0.52728415,0.32311142277864047,Negligible
WGATAR_1167,0.8622656,1.5813893938832235,Negligible
WGATAR_1168,0.3639822,0.1876882915214768,weak
WGATAR_1169,1.0902472,0.8521830260590608,weak
WGATAR_1170,0.55956006,0.08341318140451826,Negligible
WGATAR_1171,0.2836871,1.145297188767585,Negligible
WGATAR_1172,0.51485157,0.3097126654043567,Negligible
WGATAR_1173,-0.24946213,-0.04341668914763286,Negligible
WGATAR_1174,0.052883625,-0.047408920813347244,Negligible
WGATAR_1175,0.0056221485,0.082048049508197,Negligible
WGATAR_1176,0.46144104,1.0593284440325221,strong
WGATAR_1177,1.3693156,2.633151262723069,Negligible
WGATAR_1178,0.030346155,0.0341084376080838,Negligible
WGATAR_1179,0.0027675629,-0.07570612547665334,Negligible
WGATAR_1180,0.29994988,0.05204716360793071,Negligible
WGATAR_1181,0.080652,0.08756695203366593,Negligible
WGATAR_1182,0.016881943,0.05342208196788967,Negligible
WGATAR_1183,-0.04715395,0.1278517077449557,Negligible
WGATAR_1184,0.09188986,0.10078054750450427,Negligible
WGATAR_1185,0.53671455,0.02757977731471506,Negligible
WGATAR_1186,0.2006371,0.9170679371706294,Negligible
WGATAR_1187,-0.022141933,-0.0033390843801202053,strong
WGATAR_1188,0.05518937,-0.04901521187671598,Negligible
WGATAR_1189,0.0036017895,-0.2181855791459233,Negligible
WGATAR_1190,0.1870544,0.2169843214383409,Negligible
WGATAR_1191,0.094313145,0.35372419100994623,weak
WGATAR_1192,-0.016052485,-0.025225902831949476,Negligible
WGATAR_1193,-0.020636082,0.0003660302244190561,weak
WGATAR_1194,0.010084391,0.0034648847035603225,Negligible
WGATAR_1195,0.2050581,0.25812598019635935,Negligible
WGATAR_1196,-0.020145893,-0.8664083682111396,Negligible
WGATAR_1197,-0.031024456,-0.07665390377743186,Negligible
WGATAR_1198,2.3604708,3.6622095071156275,Negligible
WGATAR_1199,0.1882348,0.774678603204789,Negligible
WGATAR_1200,0.076883316,1.4605101605728352,Negligible
WGATAR_1201,1.3922782,2.694919099490907,Negligible
WGATAR_1202,-0.0030882359,-0.2070240767315905,Negligible
WGATAR_1203,-0.024278402,0.07700398361794392,Negligible
WGATAR_1204,-0.14303136,-0.18759466450258167,Negligible
WGATAR_1205,0.6362395,1.2412920162731815,Negligible
WGATAR_1206,0.10194039,0.016935926177982452,Negligible
WGATAR_1207,-0.039988995,-0.3657236230482619,Negligible
WGATAR_1208,0.0989666,0.07680358872390691,Negligible
WGATAR_1209,0.7591281,0.16373106880690713,Negligible
WGATAR_1210,0.26030874,-0.08461332800542554,Negligible
WGATAR_1211,0.47279096,-0.08507759791457481,Negligible
WGATAR_1212,0.24976397,-0.13605147710837784,Negligible
WGATAR_1213,0.06918001,-0.1873571177263198,Negligible
WGATAR_1214,0.15840745,0.06595224275929112,weak
WGATAR_1215,0.687906,0.28421353452572795,Negligible
WGATAR_1216,0.37708402,0.4404289074989256,Negligible
WGATAR_1217,-0.051113367,0.10714998992658042,Negligible
WGATAR_1218,0.20964408,-0.04860858242324362,strong
WGATAR_1219,0.040253878,-0.0723057809595975,Negligible
WGATAR_1220,0.01012826,0.014265595565732703,Negligible
WGATAR_1221,-0.07814407,0.025331460641366377,Negligible
WGATAR_1222,0.06272721,0.054979609233725135,Negligible
WGATAR_1223,0.037938118,0.09370481517936113,Negligible
WGATAR_1224,0.7290242,0.27740293553149353,Negligible
WGATAR_1225,0.08880043,-0.24617970303404224,Negligible
WGATAR_1226,0.31676054,-0.4721924743362145,Negligible
WGATAR_1227,0.40770078,0.24448503895951568,weak
WGATAR_1228,0.51844597,0.3871476513695402,Negligible
WGATAR_1229,0.0077586174,0.1716714506123811,Negligible
WGATAR_1230,0.013848305,-0.05087482325927528,Negligible
WGATAR_1231,-0.03837037,0.081614110477914,Negligible
WGATAR_1232,1.2520854,2.6971721584936468,Negligible
WGATAR_1233,0.1105721,0.18535987959460254,Negligible
WGATAR_1234,-0.010693312,0.13207994919386756,Negligible
WGATAR_1235,0.2756853,0.7711965189851142,weak
WGATAR_1236,0.32251143,0.6995337608530017,Negligible
WGATAR_1237,0.016077042,0.011867240195957862,Negligible
WGATAR_1238,0.12848377,-0.16567486835262812,Negligible
WGATAR_1239,0.2423706,1.5555794658490916,Negligible
WGATAR_1240,-0.009800911,0.14333915970907185,Negligible
WGATAR_1241,0.017794847,0.11053479568659963,Negligible
WGATAR_1242,0.0013356209,-0.06209654234606887,Negligible
WGATAR_1243,0.25736737,0.2064037123693332,Negligible
WGATAR_1244,0.27286005,1.4440367914558712,Negligible
WGATAR_1245,1.51034,3.825828683825323,Negligible
WGATAR_1246,0.4877529,1.410767151511147,Negligible
WGATAR_1247,0.09726524,-0.07037025719033974,Negligible
WGATAR_1248,0.096385956,-0.07305086430348773,Negligible
WGATAR_1249,0.0701251,-0.06699748187425936,Negligible
WGATAR_1250,0.024156809,0.24588870273890429,Negligible
WGATAR_1251,0.1708479,0.16050404964208465,Negligible
WGATAR_1252,0.03242922,0.13487504764646197,Negligible
WGATAR_1253,0.12606406,0.4586594607073353,weak
WGATAR_1254,0.0009460449,0.8281100685982983,Negligible
WGATAR_1255,0.0042972565,-0.3472109737351623,Negligible
WGATAR_1256,-0.027602196,-0.06478550873231637,Negligible
WGATAR_1257,-0.19604969,-0.8327728537641095,Negligible
WGATAR_1258,0.6380539,1.6413985636974413,Negligible
WGATAR_1259,-0.12505865,-0.5786322410482203,Negligible
WGATAR_1260,-0.029133081,0.06366285400360194,Negligible
WGATAR_1261,0.011800528,-0.09627099238284664,Negligible
WGATAR_1262,0.021605253,-0.04787971170023475,Negligible
WGATAR_1263,-0.004799366,0.16827473860656905,Negligible
WGATAR_1264,0.5655155,1.8084615450339605,Negligible
WGATAR_1265,0.095716715,0.027258468037127948,Negligible
WGATAR_1266,1.016067,0.08890704204142263,weak
WGATAR_1267,0.6734221,0.9804676890659021,Negligible
WGATAR_1268,0.38564348,-0.1086918268564867,Negligible
WGATAR_1269,0.09946346,0.05969812131222785,weak
WGATAR_1270,0.504117,0.11636233778274274,Negligible
WGATAR_1357,0.23223019,0.47641742615316396,Negligible
WGATAR_1358,0.23006153,1.82005546076115,Negligible
WGATAR_1359,0.018023252,-0.056157667602454,Negligible
WGATAR_1360,0.40889454,0.4152572688095786,Negligible
WGATAR_1361,0.34840512,1.2669312947513776,Negligible
WGATAR_1362,-0.026343822,0.05106249949071051,Negligible
WGATAR_1363,0.028600216,0.036818528871645384,Negligible
WGATAR_1364,0.08285284,-0.0917541358153029,Negligible
WGATAR_1365,0.21464157,-0.463691748259901,Negligible
WGATAR_1366,0.549644,1.1568682534527017,Negligible
WGATAR_1367,0.41406608,0.09527793454280875,weak
WGATAR_1393,0.5083256,1.515710113658094,Negligible
WGATAR_1394,0.7378497,1.6767454526309442,Negligible
WGATAR_1395,1.5983407,2.22571020803836,Negligible
WGATAR_1396,0.48236132,0.25571499943828124,Negligible
WGATAR_1397,-0.082751274,0.07766519584042442,Negligible
WGATAR_1398,0.4326334,0.031410170851692065,Negligible
WGATAR_1399,0.18348646,0.06682025241177225,Negligible
WGATAR_1400,0.5996411,0.7155988076727375,strong
WGATAR_1401,1.5020723,0.7338094670003894,Negligible
WGATAR_1402,0.86783695,0.2472552092809237,Negligible
WGATAR_1403,0.38301945,-0.19824508676999475,strong
WGATAR_1404,1.4340348,2.815729475116181,Negligible
WGATAR_1405,0.27765942,0.23277147178170132,Negligible
WGATAR_1406,0.46451426,1.0494746154684438,weak
WGATAR_1407,1.5930629,2.877975097828856,Negligible
WGATAR_1408,0.13213849,0.021982244316339106,Negligible
WGATAR_1409,0.10302329,-0.1063629396707686,Negligible
WGATAR_1410,0.07903981,1.6550711491931072,Negligible
WGATAR_1411,0.09903002,0.5375301651368716,Negligible
WGATAR_1412,0.12803674,-0.028280176297688087,Negligible
WGATAR_1413,0.06523538,-0.052186064724771164,Negligible
WGATAR_1414,0.007937908,-0.12979146099574645,Negligible
WGATAR_1415,-0.07000232,-0.1230378839750701,Negligible
WGATAR_1416,0.8666091,1.3242763928214614,Negligible
WGATAR_1417,0.59741116,0.7944336806172392,Negligible
WGATAR_1418,0.566113,-0.3253318720563989,Negligible
WGATAR_1419,-0.09993601,-0.33154178838733284,Negligible
WGATAR_1420,0.82541037,1.0875527753292653,Negligible
WGATAR_1421,-0.007650137,0.03693782193805806,Negligible
WGATAR_1422,0.014171362,0.10372408145091239,Negligible
WGATAR_1423,0.07588792,0.10803298667093397,Negligible
WGATAR_1424,0.5887096,2.1613428075524457,Negligible
WGATAR_1425,0.7481513,2.400736214160338,Negligible
WGATAR_1426,0.84978914,1.3298149375837127,Negligible
WGATAR_1427,1.2714269,2.055332384036288,Negligible
WGATAR_1428,0.13360429,0.09611102586266895,Negligible
WGATAR_1449,0.101635695,0.09641133022177151,Negligible
WGATAR_1450,0.18818617,0.06136444315905365,Negligible
WGATAR_1451,0.3964603,-0.17450854197210663,Negligible
WGATAR_1452,0.6239259,0.007565376713436045,Negligible
WGATAR_1453,0.058218956,-0.0026591530220381188,Negligible
WGATAR_1454,0.15027332,0.5260325797036134,Negligible
WGATAR_1455,0.22556806,-0.05554713836560676,Negligible
WGATAR_1456,0.32949305,0.5514634278607966,Negligible
WGATAR_1457,0.10002947,-0.1291884894400317,Negligible
WGATAR_1458,1.2017517,1.6099117103707283,Negligible
WGATAR_1459,1.2280335,1.503651851152474,weak
WGATAR_1460,0.027842045,-0.07415980033410463,Negligible
WGATAR_1461,0.26597118,0.18747307109264977,Negligible
WGATAR_1462,0.0045104027,-0.19409849613574082,weak
WGATAR_1463,0.7067957,0.686369193347601,Negligible
WGATAR_1464,0.4380045,0.7210531064059369,Negligible
WGATAR_1465,1.4296002,1.826858288024665,Negligible
WGATAR_1466,0.44521904,0.13088276020703926,strong
WGATAR_1467,0.3949511,0.5679777712637106,Negligible
WGATAR_1468,0.05140972,-0.04132970328361285,Negligible
WGATAR_1469,0.2849927,0.06507562790388555,Negligible
WGATAR_1470,0.4424417,0.1696231323496109,Negligible
WGATAR_1471,0.87251616,0.10815169216529119,strong
WGATAR_1472,2.0369217,2.016593821497818,strong
WGATAR_1473,0.40519428,1.4705797078487546,Negligible
WGATAR_1474,0.09845114,-0.40098658802503184,Negligible
WGATAR_1475,0.64632607,0.05001712839606043,Negligible
WGATAR_1476,1.4194937,1.956570369540498,Negligible
WGATAR_1477,0.031488895,-0.07290549195559581,Negligible
WGATAR_1478,0.3335476,0.16768589168310388,Negligible
WGATAR_1479,-0.0054636,-0.0531227068904343,Negligible
WGATAR_1480,0.878752,0.5156559692941194,Negligible
WGATAR_1481,0.030417204,0.041086075956986434,Negligible
WGATAR_1482,0.057384014,-0.08157555870561861,Negligible
WGATAR_1483,0.05129814,0.08315232293774866,Negligible
WGATAR_1484,0.54288816,0.669032668457604,Negligible
WGATAR_1485,0.29355955,-0.01956834268387464,Negligible
WGATAR_1486,0.040257215,-0.0008415880458780833,strong
WGATAR_1487,0.6283786,0.6635543259870227,Negligible
WGATAR_1488,-0.19497943,-0.4886947487730309,strong
WGATAR_1489,0.38467336,0.1452698991658723,Negligible
WGATAR_1490,0.70693874,0.25029874023525256,Negligible
WGATAR_1491,0.91753197,0.29121613503335375,Negligible
WGATAR_1492,0.9825964,0.7166637849075124,Negligible
WGATAR_1493,1.3375473,1.8734676816804394,strong
WGATAR_1494,0.9124818,1.256060179234558,strong
WGATAR_1495,0.05613184,0.13955099764389356,strong
WGATAR_1496,0.64206505,-0.1824667801972999,weak
WGATAR_1497,1.0676985,-0.13537758850057235,Negligible
WGATAR_1498,0.0042922497,-0.009570971383880078,Negligible
WGATAR_1499,0.9090142,2.1212831605743148,Negligible
WGATAR_1500,0.40783095,0.37022724646451,Negligible
WGATAR_1501,1.7812068,3.5040619934620887,Negligible
WGATAR_1502,-0.12028909,-0.042660447068517904,Negligible
WGATAR_1503,0.017422915,-0.06875313079851342,Negligible
WGATAR_1504,0.12660456,0.5359854952056313,Negligible
WGATAR_1505,1.6085429,-0.15773708090128213,Negligible
WGATAR_1506,0.22741842,-0.3929827421268337,Negligible
WGATAR_1507,0.113363266,0.17369224256839644,Negligible
WGATAR_1508,-0.029121399,0.1585986904495349,strong
WGATAR_1509,0.033086777,0.03314526781765004,weak
WGATAR_1510,0.10055733,0.17544725419682194,weak
WGATAR_1511,1.9564488,2.8124439997172304,Negligible
WGATAR_1512,-0.0077335835,-0.1713114762496657,Negligible
WGATAR_1513,0.34094596,0.23555082881587452,Negligible
WGATAR_1514,0.7694788,0.8740909075495593,Negligible
WGATAR_1515,1.1904552,1.5854896115702175,Negligible
WGATAR_1516,1.0378561,2.034467973612036,strong
WGATAR_1517,0.10007048,0.08365111457228647,Negligible
WGATAR_1518,0.89055514,1.4463624333518084,Negligible
WGATAR_1519,0.27912974,2.0989858407228814,Negligible
WGATAR_1555,-0.019298315,-0.03237347869301477,Negligible
WGATAR_1556,0.062385082,0.23228199611157674,Negligible
WGATAR_1557,0.010658026,0.023002476122154114,Negligible
WGATAR_1558,0.06635618,-0.16916021745887377,Negligible
WGATAR_1559,0.1120379,-0.04471081854215342,Negligible
WGATAR_1560,0.17490244,-0.10533794458999157,Negligible
WGATAR_1561,0.607106,-0.09575736184191896,Negligible
WGATAR_1562,-0.006219387,0.09754889607125072,Negligible
WGATAR_1563,-0.012978315,0.000525581188716373,Negligible
WGATAR_1564,0.3814633,0.2110247954221256,Negligible
WGATAR_1565,0.027710676,0.05503559879712672,weak
WGATAR_1566,0.5474415,1.3743902153104353,Negligible
WGATAR_1567,0.65604687,0.28493160843888354,Negligible
WGATAR_1568,0.030580044,-3.1246459064486403,Negligible
WGATAR_1569,0.055892467,-0.015072687996562806,Negligible
WGATAR_1570,0.06628132,-0.11773069988989615,weak
WGATAR_1571,0.17666602,-0.3019134128488776,Negligible
WGATAR_1572,-0.17168832,-0.5417368647097813,Negligible
WGATAR_1573,-0.017594576,0.047015044452072274,Negligible
WGATAR_1574,0.38576984,1.0152048441539332,Negligible
WGATAR_1575,0.19539309,0.6139078692864013,Negligible
WGATAR_1576,0.15070271,0.231945782245905,Negligible
WGATAR_1577,0.04916048,0.6339603357088786,Negligible
WGATAR_1578,0.026373863,0.03477028859125575,Negligible
WGATAR_1579,-0.0010421276,0.11465738701804362,Negligible
WGATAR_1580,-0.007430315,0.03033348687722981,Negligible
WGATAR_1581,0.5699277,0.4183214213754134,Negligible
WGATAR_1582,0.71950674,-0.23732835392032303,Negligible
WGATAR_1583,0.20809937,-0.07946005217264762,Negligible
WGATAR_1584,0.1690383,-0.03642198778093775,Negligible
WGATAR_1585,0.25503588,1.7399774975449556,Negligible
WGATAR_1586,0.639992,1.7128827231593524,Negligible
WGATAR_1587,0.054735422,0.06792759358198808,weak
WGATAR_1588,0.38525152,0.35484514566214376,Negligible
WGATAR_1589,0.6048794,0.5060102240185875,Negligible
WGATAR_1590,0.07695603,-0.09621895228464616,Negligible
WGATAR_1591,0.6046138,0.789554009217599,Negligible
WGATAR_1592,0.010573864,-0.01708453284408673,Negligible
WGATAR_1593,0.005760908,0.054377609417848305,Negligible
WGATAR_1594,0.0093102455,-0.020850911613913503,weak
WGATAR_1595,0.019083977,-0.10991112185597984,Negligible
WGATAR_1596,0.05186987,0.3107997397439144,Negligible
WGATAR_1597,0.010501862,0.02042306249606085,Negligible
WGATAR_1629,0.027614355,-0.014391766909352732,Negligible
WGATAR_1630,0.12939239,-0.08560412177052878,Negligible
WGATAR_1631,1.6545875,2.397473977354521,Negligible
WGATAR_1632,0.22149658,0.011606866699639617,Negligible
WGATAR_1633,0.87072945,0.7792588285257622,Negligible
WGATAR_1634,0.1777029,-0.12714890053851668,Negligible
WGATAR_1635,0.14943886,0.07526892425284881,Negligible
WGATAR_1636,0.5332012,0.9274262507817808,strong
WGATAR_1637,0.5546541,1.6422753636674465,Negligible
WGATAR_1638,0.05509758,0.04205678873783825,weak
WGATAR_1639,-0.017094374,-0.12329866093275577,Negligible
WGATAR_1640,1.2289534,1.548218184455168,weak
WGATAR_1641,0.35708952,0.09453330649787706,Negligible
WGATAR_1642,0.8558674,0.29075020223439374,Negligible
WGATAR_1650,-0.013231993,-0.08018585688916424,weak
WGATAR_1651,0.6681242,0.6127882630877712,weak
WGATAR_1652,1.2307224,1.511365669422239,strong
WGATAR_1653,0.0064902306,0.06397441696555628,weak
WGATAR_1654,0.16569948,0.3385524377446103,Negligible
WGATAR_1655,1.4621735,2.4775143748537007,weak
WGATAR_1656,0.13993359,-0.21877786585310321,Negligible
WGATAR_1657,0.3802364,0.22653335668688968,Negligible
WGATAR_1658,0.68843365,0.0071454983980538955,strong
WGATAR_1659,0.1893115,0.11809331095780795,Negligible
WGATAR_1660,0.26276922,0.6272339582339983,Negligible
WGATAR_1661,0.21341419,1.0121808663509402,Negligible
WGATAR_1662,0.14788699,0.010070818569044349,weak
WGATAR_1663,-0.0015833378,-0.15369186239024302,strong
WGATAR_1664,1.1036034,2.104763047540251,Negligible
WGATAR_1665,0.04776907,-0.15892802172981213,Negligible
WGATAR_1666,0.7054503,1.9912677314053653,Negligible
WGATAR_1667,0.7927263,2.695067589033239,Negligible
WGATAR_1668,0.05446267,-0.05121414721526385,Negligible
WGATAR_1669,0.2579894,0.16733993398240266,Negligible
WGATAR_1670,0.26223993,1.4916211564518438,strong
WGATAR_1671,0.123910666,-0.009397378662563405,Negligible
WGATAR_1672,0.78380704,1.7785334346426884,Negligible
WGATAR_1673,1.3698192,0.2671674116226761,Negligible
WGATAR_1674,0.035313845,-0.038110844613864714,Negligible
WGATAR_1675,0.08732724,-0.02023010972609729,Negligible
WGATAR_1676,0.42038226,0.14146081018663104,Negligible
WGATAR_1677,0.52755356,1.3522852102505505,Negligible
WGATAR_1678,0.27065063,0.03940582859513597,Negligible
WGATAR_1679,-0.004929781,-0.085598347747875,Negligible
WGATAR_1680,-0.40209818,-2.3580114764094833,Negligible
WGATAR_1681,0.79560375,1.0228243828916472,Negligible
WGATAR_1682,0.010618687,0.021621271645559048,Negligible
WGATAR_1683,0.100387335,-0.22394793825873727,weak
WGATAR_1684,0.23200703,0.26149514265979157,Negligible
WGATAR_1685,0.23971677,1.9149493417107708,Negligible
WGATAR_1686,0.21274018,0.6672895617060357,Negligible
WGATAR_1687,0.4675846,0.5458356991933107,Negligible
WGATAR_1688,0.23577738,0.4205849035804494,Negligible
WGATAR_1689,0.040143013,0.36149342250439265,Negligible
WGATAR_1690,0.5259669,0.9926861259939397,Negligible
WGATAR_1691,0.1044054,-1.1025934259394026,Negligible
WGATAR_1692,-0.4432168,-0.8921852114693838,Negligible
WGATAR_1693,-0.0068011284,0.10511207539322243,Negligible
WGATAR_1694,0.09129119,0.5976109704576036,Negligible
WGATAR_1695,0.9083278,2.67593998668752,Negligible
WGATAR_1696,0.036738873,-0.12210641894622398,Negligible
WGATAR_1697,0.10015583,-0.12701920010685175,Negligible
WGATAR_1698,0.060701847,0.0047245558268027565,Negligible
WGATAR_1699,0.108024836,-0.48265780322444307,Negligible
WGATAR_1700,0.53800726,0.8156433680051869,Negligible
WGATAR_1701,0.28723192,0.17307564660710462,weak
WGATAR_1702,0.30212235,2.585703877054088,Negligible
WGATAR_1703,0.63981676,0.06678868688431105,Negligible
WGATAR_1704,0.5419178,0.6949880603825642,weak
WGATAR_1705,0.71623826,1.8821692731744366,Negligible
WGATAR_1706,0.06641245,0.32654298094339396,Negligible
WGATAR_1707,0.47841334,1.0447931943579736,Negligible
WGATAR_1708,0.42495728,0.7888999285722633,Negligible
WGATAR_1709,0.03499055,0.3192331618155828,Negligible
WGATAR_1710,0.43295908,0.5444326133879338,Negligible
WGATAR_1711,0.16189098,0.4694226993332098,Negligible
WGATAR_1712,0.22074604,0.7480659150871052,Negligible
WGATAR_1713,0.6933689,0.42565403128531987,Negligible
WGATAR_1714,0.037697315,-0.04138891505777487,Negligible
WGATAR_1715,0.38116288,0.1462701838491487,Negligible
WGATAR_1716,0.45258975,0.13925470081586333,Negligible
WGATAR_1717,0.32813883,1.1086011165535954,Negligible
WGATAR_1718,1.1134648,2.7615553050624104,Negligible
WGATAR_1719,0.19102573,0.2838582854750502,Negligible
WGATAR_1720,-0.010944128,0.1749023654347095,Negligible
WGATAR_1721,0.060903788,0.06018921507562691,Negligible
WGATAR_1722,0.10267806,0.05180734813746035,Negligible
WGATAR_1723,0.06313181,-0.0029472363915061806,Negligible
WGATAR_1724,0.36635017,0.024104535979616593,Negligible
WGATAR_1725,0.35262632,-0.6240620033487314,Negligible
WGATAR_1726,0.29216146,0.07624119035763144,Negligible
WGATAR_1727,0.13147163,-0.6359724347502569,Negligible
WGATAR_1728,-0.004262209,-0.0007906406870752392,Negligible
WGATAR_1729,0.25234604,0.6586474857151181,Negligible
WGATAR_1730,0.56861377,0.21468515357314732,Negligible
WGATAR_1731,0.26788616,0.1423836607181208,Negligible
WGATAR_1732,0.08808327,0.07748491565684557,Negligible
WGATAR_1733,0.16299796,0.1286748496999115,Negligible
WGATAR_1734,0.77291775,2.212145208466352,weak
WGATAR_1735,0.38130736,-0.04824738268797102,Negligible
WGATAR_1736,0.18818998,0.09534304041311614,Negligible
WGATAR_1737,0.3967247,1.2492551154186815,Negligible
WGATAR_1738,-0.0027713776,0.17334990876064538,Negligible
WGATAR_1739,0.7072618,0.7835817093666666,Negligible
WGATAR_1740,-0.0018229485,0.2126058036549603,Negligible
WGATAR_1741,-0.30175495,-0.10543175703393093,Negligible
WGATAR_1742,0.7303002,1.0351125220440958,Negligible
WGATAR_1743,0.45464206,0.22516865291545685,Negligible
WGATAR_1744,0.0101287365,-0.09449370615252217,Negligible
WGATAR_1745,0.10169959,0.14170472298268066,Negligible
WGATAR_1746,0.14206648,0.8102219537371864,Negligible
WGATAR_1747,0.07588148,0.8083256273876094,Negligible
WGATAR_1748,0.07442331,-0.11029226537727421,Negligible
WGATAR_1749,0.56539536,-0.30726077614664504,Negligible
WGATAR_1750,0.4853511,-0.4487224477192626,Negligible
WGATAR_1751,0.17050743,0.22731410204350233,Negligible
WGATAR_1752,0.14649749,0.08714425382636026,Negligible
WGATAR_1753,0.24696803,0.1236954320424779,Negligible
WGATAR_1754,0.0015406609,0.02403014097669942,Negligible
WGATAR_1755,0.032108545,0.05024954754711519,Negligible
WGATAR_1756,0.15630794,-0.10842869841195135,Negligible
WGATAR_1757,0.122727156,-0.2500476219715031,Negligible
WGATAR_1758,0.0043177605,-0.014281782959855605,Negligible
WGATAR_1759,0.5256667,0.216094276501555,weak
WGATAR_1760,0.38219547,0.8711772703576597,Negligible
WGATAR_1761,0.0067214966,-0.3582188706741034,Negligible
WGATAR_1762,0.18573856,0.1671421281273444,Negligible
WGATAR_1763,0.15904236,-0.20795512661908688,Negligible
WGATAR_1764,0.540843,1.012515651961369,Negligible
WGATAR_1765,0.019742489,0.1338989388376497,Negligible
WGATAR_1766,-0.15234685,-0.19089755702592104,Negligible
WGATAR_1767,-0.09738207,-0.06737490826750259,strong
WGATAR_1768,0.028019905,-0.00011905769636122443,Negligible
WGATAR_1769,0.03604555,0.07349629735471996,Negligible
WGATAR_1770,0.017616987,0.039325628442545835,Negligible
WGATAR_1771,0.27372432,0.18206384583938817,Negligible
WGATAR_1772,0.38239646,0.47702706341042767,Negligible
WGATAR_1773,0.0032348633,-0.06991676132613023,Negligible
WGATAR_1774,0.46451807,0.47850446270448543,Negligible
WGATAR_1775,0.13642788,0.492792100535425,Negligible
WGATAR_1776,0.37612247,1.4467169190017843,strong
WGATAR_1777,0.12604022,-0.019585442188271074,weak
WGATAR_1778,0.073432684,0.05749682943927059,Negligible
WGATAR_1779,0.3629737,0.7558361432680165,Negligible
WGATAR_1780,0.2763548,-0.04398395034910951,strong
WGATAR_1781,0.8698187,2.533418989827396,Negligible
WGATAR_1782,1.4421992,2.012494217626349,Negligible
WGATAR_1808,0.0157485,0.04686292917545121,Negligible
WGATAR_1809,0.023604393,0.00895784150158363,Negligible
WGATAR_1810,0.013497114,0.04904589847770513,Negligible
WGATAR_1811,0.29797363,0.10050260628295771,Negligible
WGATAR_1812,0.03413558,-0.2243392182457109,Negligible
WGATAR_1813,0.14398956,-0.08991442384351878,Negligible
WGATAR_1814,0.31354213,1.009622262391896,Negligible
WGATAR_1815,-0.0014781952,0.029366710247688665,Negligible
WGATAR_1816,0.05178809,1.4068186579753452,Negligible
WGATAR_1817,0.02958417,-0.0390797698146077,Negligible
WGATAR_1818,0.51432014,2.6119791530977996,Negligible
WGATAR_1819,0.4785998,1.0751954895426774,Negligible
WGATAR_1820,0.5459051,0.7651418980504578,Negligible
WGATAR_1821,0.18433237,0.6216282488270792,Negligible
WGATAR_1822,0.54718757,1.3901028385227914,Negligible
WGATAR_1823,0.10675669,0.6069243107660389,Negligible
WGATAR_1824,0.3662374,2.1161835439842727,Negligible
WGATAR_1825,0.39849806,2.4611219720041837,Negligible
WGATAR_1826,0.13482618,-0.10660269653413401,Negligible
WGATAR_1827,0.8391485,-0.038675298876286845,Negligible
WGATAR_1828,0.3633423,0.039576854361700775,Negligible
WGATAR_1829,0.33284354,0.48748670265978156,Negligible
WGATAR_1830,1.2854419,2.4880797505084717,weak
WGATAR_1831,0.11279917,0.010352793820180395,Negligible
WGATAR_1832,0.44222283,0.44538246819247185,Negligible
WGATAR_1833,0.018571854,0.022868989175540477,Negligible
WGATAR_1834,0.16722393,-0.06491061391567854,Negligible
WGATAR_1835,-0.004676819,1.406459431465267,Negligible
WGATAR_1836,-0.007983446,0.12000208559991243,weak
WGATAR_1837,0.11427164,1.2907871109177185,Negligible
WGATAR_1838,-0.11066413,0.01771775496748873,Negligible
WGATAR_1839,0.08887696,-0.22058393723763103,Negligible
WGATAR_1840,0.007850885,0.06276321020939335,Negligible
WGATAR_1841,1.021173,1.6560744931500055,Negligible
WGATAR_1842,0.16037822,0.0005236024991983612,Negligible
WGATAR_1843,0.043032885,0.09936482692578785,Negligible
WGATAR_1844,0.92107224,1.4900650282022578,Negligible
WGATAR_1845,0.9167588,1.6257816291735576,Negligible
WGATAR_1846,0.0028626919,0.0941621874847316,Negligible
WGATAR_1847,0.11449146,0.05477845838701345,Negligible
WGATAR_1848,0.4289286,0.6438507200468306,Negligible
WGATAR_1849,1.7208791,3.475333208220971,weak
WGATAR_1850,0.13906813,0.1019257656120498,Negligible
WGATAR_1851,0.2673061,-0.25094857645771107,Negligible
WGATAR_1852,0.0031354427,0.008657296530218517,Negligible
WGATAR_1853,1.1402564,3.4628759146106924,Negligible
WGATAR_1854,0.12721777,-0.19191955784352732,Negligible
WGATAR_1855,0.8904629,1.7915491086324447,strong
WGATAR_1856,0.8424456,1.9504938498300923,Negligible
WGATAR_1857,0.01884818,0.12928809086225268,Negligible
WGATAR_1858,-0.0035424232,0.07822767931074193,Negligible
WGATAR_1859,0.19639754,0.4267617489313089,Negligible
WGATAR_1860,-0.20031834,-0.37262432412235036,Negligible
WGATAR_1861,0.41806555,0.5918106628627386,Negligible
WGATAR_1862,0.05408168,0.22653855107498977,Negligible
WGATAR_1863,0.18125057,0.09567731701743565,strong
WGATAR_1864,0.15025806,0.042131129395702516,weak
WGATAR_1865,0.8964293,1.8433027953196586,Negligible
WGATAR_1866,0.25369883,1.1526014162151297,Negligible
WGATAR_1867,0.26956677,0.3135180099512551,Negligible
WGATAR_2033,0.09299517,0.004654033828796145,Negligible
WGATAR_2034,0.13405013,0.24327653441210373,Negligible
WGATAR_2035,0.27379107,-0.030056261734197953,Negligible
WGATAR_2036,0.85169363,2.117816418080289,strong
WGATAR_2037,1.2302263,1.9793054992485932,Negligible
WGATAR_2038,0.25301266,0.34121956153986144,strong
WGATAR_2039,-0.01903677,0.17255114589835685,Negligible
WGATAR_2040,-0.009299517,-0.2741931433570821,Negligible
WGATAR_2041,0.09425092,0.13426217068587754,Negligible
WGATAR_2042,0.15360928,0.24711395004888725,Negligible
WGATAR_2043,0.1565988,0.9011181694197896,Negligible
WGATAR_2044,0.58984756,2.4696043869056354,Negligible
WGATAR_2045,-0.24887848,0.3442586234926974,Negligible
WGATAR_2046,0.09668207,-0.040281061629673154,Negligible
WGATAR_2047,0.034953117,0.02460507877079987,Negligible
WGATAR_2048,0.3589275,1.7318208107399955,weak
WGATAR_2049,0.49509358,1.8640477971158695,strong
WGATAR_2050,0.0056767464,-0.004842964478000589,Negligible
WGATAR_2051,0.03109622,0.2900132764582368,Negligible
WGATAR_2052,-0.025892735,-0.19130117682428516,Negligible
WGATAR_2053,0.3024695,-0.09952657485229555,Negligible
WGATAR_2054,0.6690588,0.9076172984849693,Negligible
WGATAR_2055,-0.23104,-0.13961271820874455,Negligible
WGATAR_2056,0.1137526,-0.029996959239060317,Negligible
WGATAR_2057,0.43645883,0.0526198268512017,Negligible
WGATAR_2058,0.4680004,0.6216496614945237,Negligible
WGATAR_2059,0.007151842,0.01133503921529222,Negligible
WGATAR_2060,-0.009611368,-0.03997178495476117,Negligible
WGATAR_2061,0.004330635,-0.05317147748812889,Negligible
WGATAR_2062,0.3528378,-0.08173035555353625,weak
WGATAR_2063,0.22496891,0.0006358645266413276,Negligible
WGATAR_2064,0.0020780563,0.19744868807661575,Negligible
WGATAR_2065,0.36368132,0.5210602424838298,Negligible
WGATAR_2066,0.84427404,1.7906272884797492,Negligible
WGATAR_2067,0.6948714,0.29718589273276663,Negligible
WGATAR_2068,0.12284136,-0.13556596907395724,Negligible
WGATAR_2069,0.09598589,0.1558335737547747,Negligible
WGATAR_2070,0.9563203,0.3901728843103376,Negligible
WGATAR_2071,0.44164753,-0.060735059275823566,Negligible
WGATAR_2072,0.7767985,1.3915491459482157,Negligible
WGATAR_2073,0.030727148,-0.2732158218965548,Negligible
WGATAR_2074,2.0681722,3.2740967085083335,Negligible
WGATAR_2075,0.050694942,0.06152619368050072,Negligible
WGATAR_2076,2.0422678,2.9726383396113047,strong
WGATAR_2077,1.046804,1.5798403397144378,Negligible
WGATAR_2078,0.29894972,0.30956690931630293,Negligible
WGATAR_2079,1.105356,2.5912169493437567,Negligible
WGATAR_2080,0.80511665,1.2493009022928971,Negligible
WGATAR_2081,0.79483795,0.6198635627898756,Negligible
WGATAR_2082,-0.29973793,-1.398171175288863,Negligible
WGATAR_2083,-0.025370598,0.12936701267642015,Negligible
WGATAR_2084,0.6749873,-0.22692288974699792,Negligible
WGATAR_2085,0.27688217,1.1621407421220455,Negligible
WGATAR_2086,0.018482208,0.036420566966677725,Negligible
WGATAR_2087,0.3507657,0.4218451159937251,Negligible
WGATAR_2088,1.0801942,2.871260330770938,Negligible
WGATAR_2089,-0.08961582,0.020095529024276804,Negligible
WGATAR_2090,0.5104883,0.09748506458466988,Negligible
WGATAR_2091,-0.33099413,-0.40976606520175807,Negligible
WGATAR_2092,-0.042477846,-0.007010971608814032,Negligible
WGATAR_2093,0.017054796,-0.024250835874911836,Negligible
WGATAR_2094,0.01944685,-0.00779117616727909,Negligible
WGATAR_2095,0.030486822,0.06266406356534748,Negligible
WGATAR_2096,0.124352455,-0.1672065184785403,Negligible
WGATAR_2097,0.026048899,0.00037646793937007317,Negligible
WGATAR_2098,0.0394485,0.04103445854008392,Negligible
WGATAR_2099,0.057296753,-0.01987919109316927,Negligible
WGATAR_2100,0.2066524,-0.06811561616933481,Negligible
WGATAR_2101,0.37584424,0.29200799720856896,Negligible
WGATAR_2102,0.73409796,0.24156221409014833,Negligible
WGATAR_2103,0.50294065,-0.6346541927364537,Negligible
WGATAR_2104,0.06639218,-0.1781629224686201,Negligible
WGATAR_2262,0.13974929,-0.009115349991904331,Negligible
WGATAR_2263,0.24415493,-0.041133191303176275,Negligible
WGATAR_2264,0.043518543,0.055739665507474,weak
WGATAR_2265,0.003638029,-0.006791947965123946,weak
WGATAR_2266,0.22643709,1.3380660796369899,Negligible
WGATAR_2267,-0.26692963,0.5837009878360107,Negligible
WGATAR_2268,0.09792805,0.8248189676302617,Negligible
WGATAR_2269,-0.003955364,-0.04647747621445575,Negligible
WGATAR_2270,0.5904732,1.4588685768635665,Negligible
WGATAR_2271,0.44964838,0.7547993793978494,Negligible
WGATAR_2272,0.6857519,1.0571704558674733,weak
WGATAR_2273,1.197866,1.5443468200813997,strong
WGATAR_2274,0.114727974,-0.4550522259640464,Negligible
WGATAR_2275,0.11790633,0.39193392646704783,Negligible
WGATAR_2276,0.0009815693,-0.09846847440679696,Negligible
WGATAR_2277,0.6488755,0.027191422252545117,Negligible
WGATAR_2278,0.05172491,-0.07894820444593176,Negligible
WGATAR_2279,0.000259161,0.016009911568603208,Negligible
WGATAR_2280,0.062708855,0.04796010982274357,Negligible
WGATAR_2281,-0.007361412,-0.06040219961013005,Negligible
WGATAR_2282,-0.020149946,-0.01123932364478808,Negligible
WGATAR_2283,-0.012346029,0.0914767362333535,Negligible
WGATAR_2284,0.41558623,-0.29918893194361296,Negligible
WGATAR_2285,-0.0060505867,-0.021879221936756288,Negligible
WGATAR_2286,0.5670476,-0.4591947195086661,Negligible
WGATAR_2287,0.66873026,0.55319358986692,Negligible
WGATAR_2288,0.9644737,0.01636064914488866,Negligible
WGATAR_2289,0.8324547,0.14372571086909236,Negligible
WGATAR_2290,0.044197083,0.019462710547621498,Negligible
WGATAR_2291,0.6920619,0.9538182978115546,Negligible
WGATAR_2292,0.5097513,0.5623870375780253,Negligible
WGATAR_2293,0.17432141,0.1324585929116715,Negligible
WGATAR_2294,0.0015547276,-0.07519453325233627,Negligible
WGATAR_2295,-0.0070786476,-0.0450471187851571,Negligible
WGATAR_2296,0.009531498,0.03415064421780656,Negligible
WGATAR_2297,0.14482117,0.4014457708744952,Negligible
WGATAR_2298,0.025269508,-0.20905765907773421,weak
WGATAR_2299,-0.016474962,0.026529380313550455,Negligible
WGATAR_2300,1.9053571,3.884420267004857,weak
WGATAR_2301,0.3177569,0.486735864912486,Negligible
WGATAR_2302,0.17734408,0.15362696550821742,Negligible
WGATAR_2303,0.05618453,0.06997885688216243,Negligible
WGATAR_2304,-0.0020096302,0.028468819402037937,Negligible
WGATAR_2305,1.3933687,1.5578139826555617,Negligible
WGATAR_2306,1.0931239,0.32999221513973476,weak
WGATAR_2307,0.19149017,0.772729395030554,Negligible
WGATAR_2308,0.076685905,-0.07674151003902008,strong
WGATAR_2309,0.01987648,0.08572343110875114,Negligible
WGATAR_2310,0.05569029,0.03192128667345617,Negligible
WGATAR_2311,0.15952301,0.077953992738661,Negligible
WGATAR_2312,0.0028803349,0.12683633964433927,Negligible
WGATAR_2313,0.03781557,0.32639832834186056,Negligible
WGATAR_2314,0.81804657,0.4543252919534688,Negligible
WGATAR_2315,0.58178926,0.31717011879212365,Negligible
WGATAR_2316,0.3668506,0.6259022263747589,weak
WGATAR_2317,0.8027506,1.76917900629955,Negligible
WGATAR_2318,1.5160975,2.4571340325457776,Negligible
WGATAR_2319,0.3448577,0.49239405292829463,Negligible
WGATAR_2320,0.28733897,0.0837206645707429,Negligible
WGATAR_2321,0.37698126,-0.24999765381173322,Negligible
WGATAR_2322,-0.028470993,-0.2977276351618201,Negligible
WGATAR_2323,0.10273647,-0.42891634000491496,Negligible
WGATAR_2324,0.78292537,2.08913444514723,Negligible
WGATAR_2325,0.2818489,-0.23806252742856016,Negligible
WGATAR_2326,0.24984074,0.03401205341365321,Negligible
WGATAR_2327,0.93209434,2.103466949108494,weak
WGATAR_2421,0.108366966,-0.0026242386167512066,Negligible
WGATAR_2422,0.18774867,0.6021612494448956,Negligible
WGATAR_2423,0.5691285,0.19726206173313265,Negligible
WGATAR_2424,0.94772124,-0.1476098145237028,Negligible
WGATAR_2425,-0.009804249,-0.1931667710856022,Negligible
WGATAR_2426,-0.004797697,0.029064383524078252,Negligible
WGATAR_2427,1.23738,1.323013059720179,Negligible
WGATAR_2428,1.4172511,2.3249894599251757,Negligible
WGATAR_2429,0.010598898,0.039854295146905194,Negligible
WGATAR_2430,0.24549294,0.13051062595531793,Negligible
WGATAR_2431,0.21263623,-0.011210017968069863,Negligible
WGATAR_2432,0.08865714,0.09055458920595072,Negligible
WGATAR_2433,0.40113783,0.04552682281868403,weak
WGATAR_2437,0.029890299,0.0708842926767197,Negligible
WGATAR_2438,0.97524405,0.5954978636209995,weak
WGATAR_2439,2.0877051,3.7476519612960395,Negligible
WGATAR_2440,0.16623354,0.39224071422442375,Negligible
WGATAR_2441,0.18692732,0.0012904733247052214,strong
WGATAR_2442,0.36559534,2.082040332643217,Negligible
WGATAR_2443,0.20059156,1.530600687110618,Negligible
WGATAR_2444,0.0026006699,0.4134575103730107,Negligible
WGATAR_2445,0.22813606,0.2001302213234819,Negligible
WGATAR_2446,0.42106533,0.11910381581467622,Negligible
WGATAR_2447,0.068935394,0.06384094349162783,Negligible
WGATAR_2448,0.157799,-0.09560615300951891,weak
WGATAR_2449,0.20685387,0.5707102916126479,Negligible
WGATAR_2450,0.19537067,-0.07204045549773497,Negligible
WGATAR_2451,0.13810158,1.1554302710236728,Negligible
WGATAR_2452,0.417686,0.47927893287060286,strong
WGATAR_2453,0.34366393,0.07903450166711945,Negligible
WGATAR_2454,0.061695337,0.02480907762849771,Negligible
WGATAR_2455,0.79187465,0.9241443943486294,weak
WGATAR_2456,0.20049858,1.2594611903163453,Negligible
WGATAR_2457,0.48694944,1.4905496625726933,weak
WGATAR_2458,0.344126,0.3453003290310477,Negligible
WGATAR_2459,0.021522284,0.029181732029304186,Negligible
WGATAR_2460,1.6758347,2.616010210656261,weak
WGATAR_2461,0.1801157,0.15577089265569377,Negligible
WGATAR_2462,0.4340148,1.0381297951459882,Negligible
WGATAR_2463,0.028933764,-0.2271734069504019,weak
WGATAR_2464,0.3472488,0.3812776842742034,Negligible
WGATAR_2465,0.15706539,-0.014491656395926533,Negligible
WGATAR_2466,0.10584903,0.07503932451498763,Negligible
WGATAR_2467,0.15126371,0.04291675269500672,Negligible
WGATAR_2468,-0.0060453415,-0.046045650151533835,Negligible
WGATAR_2469,-0.06447458,-0.47720896013428016,strong
WGATAR_2470,-0.07820034,-0.5917395346316909,Negligible
WGATAR_2471,0.20017385,-0.4051404934134064,Negligible
WGATAR_2472,0.8821974,0.33717586398903077,Negligible
WGATAR_2473,-0.10093546,-0.058742356722519595,weak
WGATAR_2474,0.19453168,-0.08228101135737464,Negligible
WGATAR_2475,0.11926389,0.6612611091176781,Negligible
WGATAR_2476,0.6216824,0.9687909162210762,strong
WGATAR_2477,0.65433145,2.7017640345559637,Negligible
WGATAR_2478,1.3751173,1.4431712530767458,Negligible
WGATAR_2479,0.065119505,0.4663469282790338,Negligible
WGATAR_2480,0.33244538,2.2343703302927027,Negligible
WGATAR_2481,0.48175836,1.1521775887716434,Negligible
WGATAR_2482,0.39691472,0.6841474825337581,weak
WGATAR_2483,1.3952482,3.2896737982688733,strong
WGATAR_2484,0.22814941,0.23750192931014613,weak
WGATAR_2485,0.05131817,-0.1820387720562655,Negligible
WGATAR_2486,0.011170149,0.070447413447142,strong
WGATAR_2487,0.028584003,0.28939301870193157,Negligible
WGATAR_2488,0.36389732,0.3266894039426731,strong
WGATAR_2489,0.5530994,0.6981891229115558,Negligible
WGATAR_2490,0.44625425,0.7652685733299274,Negligible
WGATAR_2491,0.101362705,0.1343276534541742,Negligible
WGATAR_2492,0.07594013,0.0988257504548784,Negligible
WGATAR_2493,0.5237181,0.06169819360259421,Negligible
WGATAR_2494,0.74540305,-0.23465040124092695,Negligible
WGATAR_2495,0.10628724,-0.030645329114185493,Negligible
WGATAR_2496,0.067828655,0.6792583113516368,Negligible
WGATAR_2497,0.16468716,0.3392708024759008,Negligible
WGATAR_2498,0.05319619,0.16925019665309016,weak
WGATAR_2499,1.3298173,1.0470575077898259,strong
WGATAR_2500,0.3659377,0.24444816910789235,Negligible
WGATAR_2501,1.4185007,1.3031015908365582,Negligible
WGATAR_2502,0.4785292,0.15181987843373435,Negligible
WGATAR_2503,0.40881157,0.2789138838218541,Negligible
WGATAR_2504,-0.26053596,0.0124257872456921,Negligible
WGATAR_2505,0.0042893887,-0.04717405355191229,Negligible
WGATAR_2506,0.0060317516,-0.057957219908212565,Negligible
WGATAR_2507,0.2980106,1.4543924881231431,Negligible
WGATAR_2508,0.1057837,0.2800123136566439,Negligible
WGATAR_2509,0.11284351,0.09977405363234215,Negligible
WGATAR_2510,-0.2363317,-0.2052570037514725,Negligible
WGATAR_2511,0.31276488,0.1724583633374861,weak
WGATAR_2512,0.30881453,0.3401190194980508,Negligible
WGATAR_2513,0.58473873,1.8882061804520456,Negligible
WGATAR_2514,0.93131757,1.7690359627636218,Negligible
WGATAR_2515,0.0079705715,-0.03429285629917267,Negligible
WGATAR_2516,0.026871204,0.0541037291866191,Negligible
WGATAR_2517,0.05443406,0.08916806780956499,Negligible
WGATAR_2518,0.119745016,0.32445192458007277,Negligible
WGATAR_2519,0.9258981,0.5398238022978283,Negligible
WGATAR_2520,0.36883116,1.0314766911959303,Negligible
WGATAR_2521,0.61047935,2.8046970506241258,Negligible
WGATAR_2522,-0.14918756,0.1649105553625163,weak
WGATAR_2523,0.2848549,-0.1259734358426272,strong
WGATAR_2524,0.04945135,0.06385705876888625,Negligible
WGATAR_2525,0.13307524,0.3170243562205437,Negligible
WGATAR_2526,0.22110653,0.2939943276152359,Negligible
WGATAR_2527,1.3200209,2.891584459899999,Negligible
WGATAR_2528,0.68338704,0.7530453888047157,Negligible
WGATAR_2529,0.09442544,-0.0032806125795579177,Negligible
WGATAR_2530,0.240628,0.4286393150132577,Negligible
WGATAR_2531,-0.00073313713,0.013696738152581212,Negligible
WGATAR_2532,-0.018465042,0.2939485720823205,Negligible
WGATAR_2533,1.0144925,3.174008241015949,Negligible
WGATAR_2534,-0.067536354,-0.3173715037913536,Negligible
WGATAR_2535,0.23825026,0.10559369759187298,weak
WGATAR_2536,-0.009929419,-0.018300873751141644,Negligible
WGATAR_2537,0.014915943,-0.09105253322661344,Negligible
WGATAR_2538,0.043720245,-0.18280617904374363,Negligible
WGATAR_2539,0.0056140423,-0.06610600821767054,Negligible
WGATAR_2540,0.049911022,-0.1110754712969042,Negligible
WGATAR_2541,1.1174753,1.2364049017054377,Negligible
WGATAR_2542,1.0175593,1.6397176705435168,Negligible
WGATAR_2543,0.76148176,1.235138909172016,Negligible
WGATAR_2544,0.27590466,-0.03380716246669646,Negligible
