id,CNN,AlphaGenome,effect
WGATAR_1064,1.4133703,-0.278311132,Negligible
WGATAR_1065,1.0186276,0.072417737,Negligible
WGATAR_1066,1.2714925,0.6679592561964984,Negligible
WGATAR_1067,1.5272517,0.5769408284468613,Negligible
WGATAR_1068,0.025825739,0.4251363252609983,Negligible
WGATAR_1069,0.102166414,0.2892542347543796,Negligible
WGATAR_1070,1.7813474,2.9864927053550807,Negligible
WGATAR_1071,0.7580764,0.7817199130385077,Negligible
WGATAR_1072,0.43747687,0.3729310135337882,Negligible
WGATAR_1073,0.4063735,0.17089347975472258,Negligible
WGATAR_1074,1.0556118,0.1738718982478289,Negligible
WGATAR_1075,0.10887432,0.1765664167257206,Negligible
WGATAR_1076,1.212532,0.22959476567420167,Negligible
WGATAR_1077,0.71658826,0.19737714401376966,weak
WGATAR_1078,1.4009372,2.198113691824238,Negligible
WGATAR_1079,1.0100486,0.28998728953546693,Negligible
WGATAR_1080,0.69549334,0.43810997534376667,Negligible
WGATAR_1081,-0.08132839,-0.432766301,Negligible
WGATAR_1082,0.32932752,0.21085267499878674,Negligible
WGATAR_1083,0.19555014,0.021025332470614257,Negligible
WGATAR_1084,0.92367136,0.050708198221431744,Negligible
WGATAR_1085,2.192841,0.8179400122057243,Negligible
WGATAR_1086,1.7483621,0.052263184,Negligible
WGATAR_1087,1.0005513,0.667764092,Negligible
WGATAR_1088,0.5714662,0.23291929276168855,Negligible
WGATAR_1089,1.9672163,0.77556546,Negligible
WGATAR_1090,1.3025379,0.41484154326791883,Negligible
WGATAR_1129,0.11221868,-0.038764684,Negligible
WGATAR_1130,0.43784308,-0.235560253,Negligible
WGATAR_1131,0.55643225,-0.003973965,Negligible
WGATAR_1132,1.0304067,0.8718515747204991,Negligible
WGATAR_1133,0.01106,-0.042190797,Negligible
WGATAR_1134,-0.000463784,-0.00972165,Negligible
WGATAR_1135,0.14654166,0.092053047,Negligible
WGATAR_1136,0.5704353,0.18336154887307404,Negligible
WGATAR_1137,2.0708907,2.958659148392267,Negligible
WGATAR_1138,0.5021424,0.5800028660778958,Negligible
WGATAR_1139,0.35476542,0.090444773,Negligible
WGATAR_1140,0.78705144,-0.001353353,Negligible
WGATAR_1141,2.0695763,1.622165549,Negligible
WGATAR_1142,0.83077693,0.43498738029544537,Negligible
WGATAR_1143,1.7765687,1.003178490998696,Negligible
WGATAR_1144,1.1839492,0.15525651053495665,weak
WGATAR_1145,1.5683687,0.1855387982029073,Negligible
WGATAR_1146,0.7975545,0.6005321877615097,Negligible
WGATAR_1147,1.4426289,1.1206878890883194,strong
WGATAR_1148,0.123784065,0.14908396537312166,Negligible
WGATAR_1149,0.3783412,0.13208856217502274,Negligible
WGATAR_1150,1.66539,0.8788815381777053,Negligible
WGATAR_1151,1.2803955,0.7653816701413647,weak
WGATAR_1152,0.1032815,0.10263727813190691,Negligible
WGATAR_1153,0.007093489,0.024766165275529856,Negligible
WGATAR_1154,0.8006508,1.543141766952806,Negligible
WGATAR_1155,0.4420299,0.21639883641434365,strong
WGATAR_1156,0.07801914,-0.057815931,Negligible
WGATAR_1157,0.8178866,0.431612462,Negligible
WGATAR_1158,0.38480115,-0.053503959,Negligible
WGATAR_1159,0.75872254,0.8189696037280343,Negligible
WGATAR_1160,0.56895804,1.0700126959925258,Negligible
WGATAR_1161,1.5379872,1.6653613694100526,Negligible
WGATAR_1162,1.9688227,1.7873537689965548,Negligible
WGATAR_1163,0.12356901,-0.069259004,Negligible
WGATAR_1164,1.6578267,1.2619581319333597,Negligible
WGATAR_1165,1.432888,2.8578329408040393,Negligible
WGATAR_1166,0.875058,0.3456340975206622,Negligible
WGATAR_1167,1.2000569,1.7398001967194967,Negligible
WGATAR_1168,1.3060929,0.069033576,weak
WGATAR_1169,1.1016629,0.5033074241409541,weak
WGATAR_1170,0.45090383,0.085278538,Negligible
WGATAR_1171,0.3556736,1.1331718140603306,Negligible
WGATAR_1172,1.008048,0.31096780397389506,Negligible
WGATAR_1173,-0.032644033,0.10188037314409648,Negligible
WGATAR_1174,0.6580272,1.137633155146255,Negligible
WGATAR_1175,0.65397,0.10954812187170171,Negligible
WGATAR_1176,1.0760121,1.5000787768152013,strong
WGATAR_1177,1.6868026,2.8202104584433116,Negligible
WGATAR_1178,0.7109432,0.011962669,Negligible
WGATAR_1179,0.013889074,0.052959395,Negligible
WGATAR_1180,1.204003,0.068817379,Negligible
WGATAR_1181,0.2288425,0.13182485406343208,Negligible
WGATAR_1182,-0.27226698,-0.067694235,Negligible
WGATAR_1183,0.14984876,0.06886634,Negligible
WGATAR_1184,0.21491122,0.25339959969257775,Negligible
WGATAR_1185,1.2769858,0.24019316928759338,Negligible
WGATAR_1186,0.5338032,0.6649199798443254,Negligible
WGATAR_1187,0.003132463,0.083701701,strong
WGATAR_1188,0.056499064,0.073510646,Negligible
WGATAR_1189,0.65818155,0.3236278971295061,Negligible
WGATAR_1190,0.8906853,1.1126270870425978,Negligible
WGATAR_1191,0.4796461,0.5646229260087383,weak
WGATAR_1192,0.08508569,0.007310626,Negligible
WGATAR_1193,0.00674212,-0.029266943,weak
WGATAR_1194,0.057091057,-0.008308259,Negligible
WGATAR_1195,1.0247006,0.6073552542639801,Negligible
WGATAR_1196,-0.08530283,-0.326248763,Negligible
WGATAR_1197,0.24561715,0.25201249106516066,Negligible
WGATAR_1198,2.1197512,4.255143211541472,Negligible
WGATAR_1199,0.7157209,0.42352923828858197,Negligible
WGATAR_1200,1.3129122,0.8444354298393575,Negligible
WGATAR_1201,1.9359648,2.108827736569562,Negligible
WGATAR_1202,0.395167,-0.187447391,Negligible
WGATAR_1203,-0.003365099,-0.007471355,Negligible
WGATAR_1204,1.1666548,0.06274288,Negligible
WGATAR_1205,0.8780918,0.822841586,Negligible
WGATAR_1206,0.2594707,0.093023734,Negligible
WGATAR_1207,0.12138617,-0.147122243,Negligible
WGATAR_1208,0.26453996,0.3241462660837887,Negligible
WGATAR_1209,1.5531247,0.45073825495366365,Negligible
WGATAR_1210,0.6444988,0.5514653236340743,Negligible
WGATAR_1211,0.2819357,-0.003409646,Negligible
WGATAR_1212,-0.048609495,-0.191555061,Negligible
WGATAR_1213,0.2769606,-0.134586663,Negligible
WGATAR_1214,0.09291065,0.076954338,weak
WGATAR_1215,0.9750246,0.2613950277303302,Negligible
WGATAR_1216,0.12844908,0.3821725512270935,Negligible
WGATAR_1217,0.1368885,-0.019633528,Negligible
WGATAR_1218,0.24876761,0.2995276316964426,strong
WGATAR_1219,1.0674533,0.14376795216217497,Negligible
WGATAR_1220,0.10804582,0.012686772919763778,Negligible
WGATAR_1221,0.10850459,-0.018424381,Negligible
WGATAR_1222,0.40795976,-0.078059445,Negligible
WGATAR_1223,0.54934645,0.008153747,Negligible
WGATAR_1224,1.662251,0.06796283,Negligible
WGATAR_1225,0.2781123,0.14683519573136217,Negligible
WGATAR_1226,0.17520523,0.13011248668716568,Negligible
WGATAR_1227,0.21368504,0.36823603275804073,weak
WGATAR_1228,0.36311555,0.7663489945980454,Negligible
WGATAR_1229,0.1269443,0.12420348332852024,Negligible
WGATAR_1230,0.8301947,0.13491758344769694,Negligible
WGATAR_1231,0.037841856,-0.001456017,Negligible
WGATAR_1232,1.9789274,1.7845423147168757,Negligible
WGATAR_1233,0.64437544,0.41919799587448753,Negligible
WGATAR_1234,0.008382261,0.006937053,Negligible
WGATAR_1235,0.46451628,1.8562872819101284,weak
WGATAR_1236,0.6959448,1.3308784944096377,Negligible
WGATAR_1237,0.026051998,-0.058373687,Negligible
WGATAR_1238,0.8057038,-0.054068202,Negligible
WGATAR_1239,1.0998057,0.5527072532663664,Negligible
WGATAR_1240,0.047899544,0.16401302183155073,Negligible
WGATAR_1241,0.44926786,0.18618412059318235,Negligible
WGATAR_1242,0.25990605,0.026146853098336587,Negligible
WGATAR_1243,0.4179299,0.6100848054623923,Negligible
WGATAR_1244,0.6630542,2.710786895722605,Negligible
WGATAR_1245,1.450572,5.505843114329056,Negligible
WGATAR_1246,0.8413539,2.687691300903512,Negligible
WGATAR_1247,0.40192223,0.08250111,Negligible
WGATAR_1248,0.22142422,0.038620762063334285,Negligible
WGATAR_1249,0.59195995,0.011949904,Negligible
WGATAR_1250,0.9148554,0.4627964559023454,Negligible
WGATAR_1251,1.1489868,0.6968345728129463,Negligible
WGATAR_1252,0.05881405,0.146992536,Negligible
WGATAR_1253,0.58606255,0.49601034740467254,weak
WGATAR_1254,0.13288468,1.020876871065781,Negligible
WGATAR_1255,0.13111115,-0.058434402,Negligible
WGATAR_1256,0.61766815,1.7084647035742986,Negligible
WGATAR_1257,0.1263814,-0.009638147,Negligible
WGATAR_1258,1.2270582,3.1747264931053825,Negligible
WGATAR_1259,0.12386024,0.020881680694355254,Negligible
WGATAR_1260,0.10455561,0.14196403809545355,Negligible
WGATAR_1261,0.54543376,0.000710582,Negligible
WGATAR_1262,0.27334094,0.038087503553308866,Negligible
WGATAR_1263,0.004507661,0.14636465612588734,Negligible
WGATAR_1264,1.4879904,1.4335453000268044,Negligible
WGATAR_1265,1.0286081,-0.027393425,Negligible
WGATAR_1266,1.0810275,0.11221809497123562,weak
WGATAR_1267,1.9465842,1.2332038166505581,Negligible
WGATAR_1268,0.83378124,0.20438519249619436,Negligible
WGATAR_1269,0.2795384,0.3761329984661355,weak
WGATAR_1270,0.6299865,0.532385341,Negligible
WGATAR_1357,0.576005,0.28915142574026786,Negligible
WGATAR_1358,0.8184264,1.1632914540916057,Negligible
WGATAR_1359,0.55311775,0.000781617,Negligible
WGATAR_1360,1.3500848,0.2805127983458997,Negligible
WGATAR_1361,1.1730375,0.17778540690757294,Negligible
WGATAR_1362,1.2366376,0.071750888,Negligible
WGATAR_1363,0.18094045,0.092734662,Negligible
WGATAR_1364,0.42645097,0.3628706449212454,Negligible
WGATAR_1365,0.21903849,0.013990629,Negligible
WGATAR_1366,0.79866695,1.3422634887327174,Negligible
WGATAR_1367,0.6442529,0.070369178,weak
WGATAR_1393,2.0540366,1.530160121131481,Negligible
WGATAR_1394,1.5058719,1.6303612381290584,Negligible
WGATAR_1395,1.0366449,1.8010887412665988,Negligible
WGATAR_1396,0.35506964,0.936355411,Negligible
WGATAR_1397,0.50270796,0.1669744398921882,Negligible
WGATAR_1398,0.07840276,0.03369684,Negligible
WGATAR_1399,0.3892765,-0.01110073,Negligible
WGATAR_1400,1.0272387,0.48849419468144994,strong
WGATAR_1401,1.2953906,2.2567086513622066,Negligible
WGATAR_1402,1.1054873,1.2508586349835769,Negligible
WGATAR_1403,1.2052977,-0.069951146,strong
WGATAR_1404,1.8995211,2.3100185407751406,Negligible
WGATAR_1405,0.5763924,1.0629207013954112,Negligible
WGATAR_1406,1.821703,0.807079876,weak
WGATAR_1407,1.4066546,1.986736847384221,Negligible
WGATAR_1408,1.3406293,0.093951968,Negligible
WGATAR_1409,0.078015685,0.045453142301795646,Negligible
WGATAR_1410,0.5745455,1.0758703420668385,Negligible
WGATAR_1411,0.42542255,0.3876556201559118,Negligible
WGATAR_1412,0.3273586,0.04984585,Negligible
WGATAR_1413,0.015231013,-0.001569532,Negligible
WGATAR_1414,0.053990126,-0.058955285,Negligible
WGATAR_1415,0.052503347,-0.099956101,Negligible
WGATAR_1416,1.4212141,2.363990875771779,Negligible
WGATAR_1417,0.73562527,0.8650540018638333,Negligible
WGATAR_1418,0.3737278,0.8218249180741126,Negligible
WGATAR_1419,-0.045416117,-0.105172612,Negligible
WGATAR_1420,1.6424974,1.8634884633129825,Negligible
WGATAR_1421,0.41015184,-0.000526917,Negligible
WGATAR_1422,-0.011056066,-0.07023942,Negligible
WGATAR_1423,1.0223113,0.093052477,Negligible
WGATAR_1424,1.0177724,1.7471851129864302,Negligible
WGATAR_1425,1.4247999,1.8602105131453597,Negligible
WGATAR_1426,0.96341753,0.8123942124382528,Negligible
WGATAR_1427,1.8474395,1.4191934822693186,Negligible
WGATAR_1428,0.13804328,0.13178996227699097,Negligible
WGATAR_1449,0.12182933,0.083721438,Negligible
WGATAR_1450,0.6235839,0.2521505121518746,Negligible
WGATAR_1451,1.1359743,-0.065372935,Negligible
WGATAR_1452,0.79131985,0.26026480046988726,Negligible
WGATAR_1453,0.054493308,-0.03369303,Negligible
WGATAR_1454,0.34513247,0.2767109329309718,Negligible
WGATAR_1455,0.9862318,-0.025771422,Negligible
WGATAR_1456,0.35673082,0.7732586247869206,Negligible
WGATAR_1457,0.34779882,0.035546545,Negligible
WGATAR_1458,0.8891046,2.269891533787119,Negligible
WGATAR_1459,1.4039166,1.4164156901871048,weak
WGATAR_1460,0.1781435,-0.077699765,Negligible
WGATAR_1461,1.1861732,0.14859094311786025,Negligible
WGATAR_1462,0.37897348,-0.336724167,weak
WGATAR_1463,1.005786,0.5814935810660652,Negligible
WGATAR_1464,0.73887426,0.4512340046008483,Negligible
WGATAR_1465,1.7013478,1.2662044053173689,Negligible
WGATAR_1466,0.848439,0.7147839345392719,strong
WGATAR_1467,1.6452112,0.4878451447649739,Negligible
WGATAR_1468,0.5027493,0.064393268,Negligible
WGATAR_1469,0.8429826,0.07147162,Negligible
WGATAR_1470,0.984759,0.1506559562268471,Negligible
WGATAR_1471,0.79426146,0.4932816557301636,strong
WGATAR_1472,1.8953426,1.5115005491317735,strong
WGATAR_1473,1.3000617,0.9566473186517476,Negligible
WGATAR_1474,0.48819566,-0.149672924,Negligible
WGATAR_1475,0.953665,0.5980595084118452,Negligible
WGATAR_1476,1.9195447,3.1572541408808323,Negligible
WGATAR_1477,0.088327706,0.016025463890775082,Negligible
WGATAR_1478,0.30882442,0.026718427,Negligible
WGATAR_1479,1.0768889,-3.43E-05,Negligible
WGATAR_1480,1.1657426,0.19263859665513644,Negligible
WGATAR_1481,1.0637125,0.060809692126544634,Negligible
WGATAR_1482,0.29061174,-0.052789757,Negligible
WGATAR_1483,0.27941275,0.074930909,Negligible
WGATAR_1484,1.0050745,0.885601983,Negligible
WGATAR_1485,0.41013408,0.003151638,Negligible
WGATAR_1486,0.07677007,-0.012752198,strong
WGATAR_1487,0.93285227,0.4920629487501871,Negligible
WGATAR_1488,1.4453118,-0.16613854,strong
WGATAR_1489,0.841287,0.073452466,Negligible
WGATAR_1490,0.65566564,0.5169793029005074,Negligible
WGATAR_1491,1.6576223,1.9758045147007146,Negligible
WGATAR_1492,1.6860694,1.7497628794554476,Negligible
WGATAR_1493,1.3427446,2.2406473894462247,strong
WGATAR_1494,0.91850376,2.2283405335633573,strong
WGATAR_1495,1.2569277,0.2978552693633709,strong
WGATAR_1496,2.0868907,1.4474003135025568,weak
WGATAR_1497,1.725493,0.9625637744686184,Negligible
WGATAR_1498,0.26175308,-0.058417438,Negligible
WGATAR_1499,1.0820037,0.8213175877358778,Negligible
WGATAR_1500,1.1897256,0.4142395213734237,Negligible
WGATAR_1501,2.3118372,3.606263842728946,Negligible
WGATAR_1502,0.43138558,-0.021733015,Negligible
WGATAR_1503,0.12657654,-0.008738407,Negligible
WGATAR_1504,1.3039627,0.3929989103967302,Negligible
WGATAR_1505,0.9615616,-0.086427562,Negligible
WGATAR_1506,0.20648456,-0.320431859,Negligible
WGATAR_1507,0.05103779,0.4965066163342779,Negligible
WGATAR_1508,0.38942164,0.005488866,strong
WGATAR_1509,1.1702296,0.074983258,weak
WGATAR_1510,0.94333696,0.2493603970062206,weak
WGATAR_1511,2.5654705,0.23304938275689602,Negligible
WGATAR_1512,0.05394554,-0.045875619,Negligible
WGATAR_1513,0.8799753,0.3739816881442135,Negligible
WGATAR_1514,1.6429914,0.7372779946926478,Negligible
WGATAR_1515,2.018828,1.9952210551759868,Negligible
WGATAR_1516,1.5934734,1.3696815261816444,strong
WGATAR_1517,1.2199146,-0.106592364,Negligible
WGATAR_1518,1.5066521,0.8392019071649166,Negligible
WGATAR_1519,0.8178799,1.6588588970695222,Negligible
WGATAR_1555,0.041960835,-0.062996524,Negligible
WGATAR_1556,0.67249715,0.3099320902469187,Negligible
WGATAR_1557,0.06391221,-0.004775395,Negligible
WGATAR_1558,0.31895405,-0.19573566,Negligible
WGATAR_1559,0.24546242,0.810869831,Negligible
WGATAR_1560,0.20238888,0.6218468859162964,Negligible
WGATAR_1561,0.37103868,0.45934416492215063,Negligible
WGATAR_1562,0.006204784,0.011338330879579944,Negligible
WGATAR_1563,0.019171774,-0.027882311,Negligible
WGATAR_1564,0.9213702,0.35123484993798976,Negligible
WGATAR_1565,0.3676902,0.16586506173647758,weak
WGATAR_1566,1.2034988,0.808091423,Negligible
WGATAR_1567,0.6859498,0.95238676,Negligible
WGATAR_1568,0.18595457,-2.981919328,Negligible
WGATAR_1569,0.50174177,0.022167744774546805,Negligible
WGATAR_1570,0.9135157,0.028271394,weak
WGATAR_1571,0.2497313,-0.131514674,Negligible
WGATAR_1572,-0.056661367,-0.263539308,Negligible
WGATAR_1573,0.036264837,0.074385473,Negligible
WGATAR_1574,0.46022356,0.30902869201659744,Negligible
WGATAR_1575,0.73591614,0.1400238020057043,Negligible
WGATAR_1576,0.72480845,0.41889909776070505,Negligible
WGATAR_1577,0.15804142,0.31804842226325336,Negligible
WGATAR_1578,0.3800578,0.1383895849814043,Negligible
WGATAR_1579,0.24969035,0.12035126706673799,Negligible
WGATAR_1580,0.09074545,0.025121887,Negligible
WGATAR_1581,1.1242669,0.071843584,Negligible
WGATAR_1582,1.4395928,-0.074733198,Negligible
WGATAR_1583,0.22252691,0.14326291381741446,Negligible
WGATAR_1584,0.1037128,0.024667522,Negligible
WGATAR_1585,1.2820637,1.2979459037937768,Negligible
WGATAR_1586,1.4215449,1.308956726226338,Negligible
WGATAR_1587,0.55774516,0.3235995421764863,weak
WGATAR_1588,0.67782414,0.47034548271869037,Negligible
WGATAR_1589,0.90480876,0.3202319699743471,Negligible
WGATAR_1590,0.1332478,-0.117185174,Negligible
WGATAR_1591,0.66828394,1.2929425460507615,Negligible
WGATAR_1592,0.47449064,-0.074140082,Negligible
WGATAR_1593,0.30118108,0.049170442498208455,Negligible
WGATAR_1594,0.003312945,-0.027328084,weak
WGATAR_1595,0.56720763,-0.119424818,Negligible
WGATAR_1596,1.1461748,0.613913758,Negligible
WGATAR_1597,0.23027551,-0.005013983,Negligible
WGATAR_1629,0.08859968,0.043864373,Negligible
WGATAR_1630,0.33389163,-0.000379862,Negligible
WGATAR_1631,1.2874784,2.2376246917569604,Negligible
WGATAR_1632,0.40753222,-0.307457473,Negligible
WGATAR_1633,1.4402447,0.3995263016969907,Negligible
WGATAR_1634,0.7917721,0.13251674472818642,Negligible
WGATAR_1635,0.21607447,0.19625733595605477,Negligible
WGATAR_1636,1.131433,0.8008737940723067,strong
WGATAR_1637,1.3803191,1.1769369690096263,Negligible
WGATAR_1638,0.9869874,0.062274588,weak
WGATAR_1639,0.19000608,0.051892234285905614,Negligible
WGATAR_1640,1.8793691,0.6781846067731967,weak
WGATAR_1641,0.48515916,0.2596819720135888,Negligible
WGATAR_1642,0.45697546,0.9539088912530707,Negligible
WGATAR_1650,0.21545815,0.092443289,weak
WGATAR_1651,1.1801836,2.1403983640192092,weak
WGATAR_1652,2.0604014,2.6439586743016297,strong
WGATAR_1653,0.025072992,0.043304763,weak
WGATAR_1654,0.84355307,0.20604907988711585,Negligible
WGATAR_1655,1.6773449,1.5972365617717306,weak
WGATAR_1656,0.25848103,-0.071809899,Negligible
WGATAR_1657,0.92926836,0.4077579414449901,Negligible
WGATAR_1658,1.3155634,0.6686993218904024,strong
WGATAR_1659,1.1777781,0.085461387,Negligible
WGATAR_1660,1.1770492,0.7556105673827946,Negligible
WGATAR_1661,0.6828743,0.5906522976215629,Negligible
WGATAR_1662,0.7775298,0.1008629432219863,weak
WGATAR_1663,0.34867966,-0.053738333,strong
WGATAR_1664,1.2481455,1.6052971272218397,Negligible
WGATAR_1665,0.10405588,-0.088806215,Negligible
WGATAR_1666,1.0236444,2.220768774342843,Negligible
WGATAR_1667,1.2351351,2.700807626372633,Negligible
WGATAR_1668,0.3190903,0.055503477,Negligible
WGATAR_1669,1.2056544,0.12804347712465264,Negligible
WGATAR_1670,0.37966764,0.8567537754526573,strong
WGATAR_1671,0.5205822,0.2273274379346643,Negligible
WGATAR_1672,1.3627025,0.9565248984477654,Negligible
WGATAR_1673,1.527057,0.38770577796092204,Negligible
WGATAR_1674,0.08268142,-0.020379055,Negligible
WGATAR_1675,0.31549698,-0.05388785,Negligible
WGATAR_1676,0.47068477,0.3815575977286987,Negligible
WGATAR_1677,1.6951845,1.6099157137716527,Negligible
WGATAR_1678,0.38759375,0.21541082102205045,Negligible
WGATAR_1679,0.08888191,-0.101047647,Negligible
WGATAR_1680,-0.14977384,-2.289387473,Negligible
WGATAR_1681,1.5719918,0.6676185701606687,Negligible
WGATAR_1682,0.16338348,0.085227361,Negligible
WGATAR_1683,1.1183257,-0.329949381,weak
WGATAR_1684,0.89650965,1.343410215,Negligible
WGATAR_1685,0.54169536,2.4331109360602006,Negligible
WGATAR_1686,0.6679555,2.061397603,Negligible
WGATAR_1687,0.7615187,1.2172730200741273,Negligible
WGATAR_1688,0.45757532,1.1703670470579308,Negligible
WGATAR_1689,0.39226925,0.1484531641245691,Negligible
WGATAR_1690,0.22696185,1.0404680022002868,Negligible
WGATAR_1691,0.10687232,-0.315609011,Negligible
WGATAR_1692,0.1405487,-0.52033773,Negligible
WGATAR_1693,0.08928788,0.11284001419409401,Negligible
WGATAR_1694,0.066462755,0.7655639542487065,Negligible
WGATAR_1695,1.5833596,3.6047196781475344,Negligible
WGATAR_1696,0.2541995,-0.084612788,Negligible
WGATAR_1697,0.10664201,0.031169606111146123,Negligible
WGATAR_1698,0.13659197,0.063768702,Negligible
WGATAR_1699,0.3384447,-0.015824143,Negligible
WGATAR_1700,1.6510718,0.6764231699788654,Negligible
WGATAR_1701,1.2396286,0.32111392594805693,weak
WGATAR_1702,1.832752,1.7126811544629332,Negligible
WGATAR_1703,0.905293,0.9211727497812896,Negligible
WGATAR_1704,0.4888823,0.9095824716972081,weak
WGATAR_1705,1.7589761,1.0833976526549913,Negligible
WGATAR_1706,0.6686919,0.2044489904322484,Negligible
WGATAR_1707,1.255539,1.275238544517818,Negligible
WGATAR_1708,0.28083348,1.0086099809198719,Negligible
WGATAR_1709,0.2787335,0.2986115077160563,Negligible
WGATAR_1710,1.4134822,0.29367853960568224,Negligible
WGATAR_1711,0.53791595,0.20880293727389893,Negligible
WGATAR_1712,1.0446408,0.7225225859399236,Negligible
WGATAR_1713,0.8370689,0.41044737750907045,Negligible
WGATAR_1714,0.119047284,-0.085949122,Negligible
WGATAR_1715,0.3838411,0.21179801367152315,Negligible
WGATAR_1716,1.2896067,1.2374567802687149,Negligible
WGATAR_1717,0.33387256,0.3115061475130949,Negligible
WGATAR_1718,0.7912488,1.9012066231571483,Negligible
WGATAR_1719,0.14936697,0.1598187083240391,Negligible
WGATAR_1720,0.012332916,0.14022889377733366,Negligible
WGATAR_1721,0.3507378,0.11739968924198363,Negligible
WGATAR_1722,0.62897277,0.21448945732476288,Negligible
WGATAR_1723,0.11926484,0.039771772169094666,Negligible
WGATAR_1724,0.36243176,0.6843563876652291,Negligible
WGATAR_1725,0.31795502,-0.013888043,Negligible
WGATAR_1726,-0.45869255,0.083564722,Negligible
WGATAR_1727,0.276955,-0.014024495,Negligible
WGATAR_1728,0.2321769,-0.113049004,Negligible
WGATAR_1729,1.4388936,0.5217637115558552,Negligible
WGATAR_1730,0.9279437,0.9140328071802414,Negligible
WGATAR_1731,0.24770498,0.41235849844163075,Negligible
WGATAR_1732,0.17179227,0.1731457762734765,Negligible
WGATAR_1733,0.476282,0.183369998,Negligible
WGATAR_1734,1.498234,1.180671473979686,weak
WGATAR_1735,0.9607064,0.44247830878214867,Negligible
WGATAR_1736,0.8132076,0.22367598732798055,Negligible
WGATAR_1737,1.463475,0.8776510681734566,Negligible
WGATAR_1738,0.5230742,0.1151339622305572,Negligible
WGATAR_1739,1.8101108,0.9274291165656564,Negligible
WGATAR_1740,0.32460845,0.3173431564284537,Negligible
WGATAR_1741,0.6629734,-0.965097252,Negligible
WGATAR_1742,0.8419965,0.42925858942597395,Negligible
WGATAR_1743,1.16697,0.22080065355506906,Negligible
WGATAR_1744,0.2219963,0.3631300411149775,Negligible
WGATAR_1745,0.6361221,0.1764653029603782,Negligible
WGATAR_1746,0.81105345,0.752510672,Negligible
WGATAR_1747,0.50489306,0.7366243381855648,Negligible
WGATAR_1748,0.08880913,0.024193533924728533,Negligible
WGATAR_1749,0.9509113,0.5227826809980596,Negligible
WGATAR_1750,0.082515,0.3814439567842003,Negligible
WGATAR_1751,1.037754,0.3885192069173671,Negligible
WGATAR_1752,1.723851,0.10820727967621634,Negligible
WGATAR_1753,0.9735877,0.037409041,Negligible
WGATAR_1754,0.198663,0.054847077357212864,Negligible
WGATAR_1755,0.033990085,-0.029356674,Negligible
WGATAR_1756,0.3369673,0.21876878334271666,Negligible
WGATAR_1757,0.2864313,-0.175428978,Negligible
WGATAR_1758,0.19410813,0.085483988,Negligible
WGATAR_1759,1.5648727,0.035534754,weak
WGATAR_1760,0.83284926,1.0274672948278993,Negligible
WGATAR_1761,0.17002225,-0.123214204,Negligible
WGATAR_1762,0.5404558,0.3049182788246232,Negligible
WGATAR_1763,0.15254116,0.5526585080358566,Negligible
WGATAR_1764,0.09042382,0.6834213214237583,Negligible
WGATAR_1765,0.43647194,0.11289712548939634,Negligible
WGATAR_1766,0.07591879,0.002938084,Negligible
WGATAR_1767,1.777159,0.012970424225647648,strong
WGATAR_1768,0.69732153,0.032430377,Negligible
WGATAR_1769,0.14350241,0.2063103094256835,Negligible
WGATAR_1770,1.0313747,-0.003064564,Negligible
WGATAR_1771,0.7277071,0.19791828699755443,Negligible
WGATAR_1772,1.4215506,0.635867711,Negligible
WGATAR_1773,0.05164534,-0.046810448,Negligible
WGATAR_1774,0.6496184,0.18161856906728846,Negligible
WGATAR_1775,0.16767311,0.6239728811597492,Negligible
WGATAR_1776,1.9510496,1.020909450412136,strong
WGATAR_1777,0.06697726,0.21946494355398016,weak
WGATAR_1778,0.050625205,0.24655879954363108,Negligible
WGATAR_1779,0.8509018,0.6958734841156256,Negligible
WGATAR_1780,1.2187778,0.014646533160880493,strong
WGATAR_1781,1.2602589,3.6073101152450047,Negligible
WGATAR_1782,1.4502676,3.159343216525926,Negligible
WGATAR_18,-0.00806725,-0.076532501,Negligible
WGATAR_1808,0.009893715,-0.028684604,Negligible
WGATAR_1809,0.6347525,0.093650377,Negligible
WGATAR_1810,0.24131942,0.043349184460760304,Negligible
WGATAR_1811,0.53494346,0.4990626826929843,Negligible
WGATAR_1812,0.26233292,0.25812798657693625,Negligible
WGATAR_1813,0.9678563,0.020502293403886457,Negligible
WGATAR_1814,1.3128362,1.346926160760343,Negligible
WGATAR_1815,0.1600895,0.1749018109924252,Negligible
WGATAR_1816,0.2173869,0.5000985857380287,Negligible
WGATAR_1817,0.0578686,0.054015416,Negligible
WGATAR_1818,1.5659385,3.305218974037322,Negligible
WGATAR_1819,1.1576416,1.673586433,Negligible
WGATAR_1820,1.1951632,0.6154583349432703,Negligible
WGATAR_1821,0.93097603,0.8096579396938646,Negligible
WGATAR_1822,0.87244284,1.2126366397282613,Negligible
WGATAR_1823,0.20089054,0.2892133877666091,Negligible
WGATAR_1824,1.9085983,1.5396809430933427,Negligible
WGATAR_1825,1.0373901,1.697585655476029,Negligible
WGATAR_1826,0.53790355,0.3568802216749851,Negligible
WGATAR_1827,0.6401777,0.2601210441171693,Negligible
WGATAR_1828,0.2438612,0.002907989,Negligible
WGATAR_1829,0.53076243,0.7020688054356439,Negligible
WGATAR_1830,2.407862,1.5988234409327402,weak
WGATAR_1831,1.0574561,0.11755923088482678,Negligible
WGATAR_1832,1.829688,0.4092671013294346,Negligible
WGATAR_1833,0.20429373,0.019267748070738517,Negligible
WGATAR_1834,1.1711339,-0.022829459,Negligible
WGATAR_1835,0.43720555,1.197059400431864,Negligible
WGATAR_1836,0.08423424,0.23679989102181875,weak
WGATAR_1837,0.96979976,1.2133818949586253,Negligible
WGATAR_1838,-0.1567359,0.22039517675253295,Negligible
WGATAR_1839,0.19787645,0.1677971593668095,Negligible
WGATAR_1840,0.8848659,0.13274411863568114,Negligible
WGATAR_1841,1.7184547,0.8692778367203354,Negligible
WGATAR_1842,1.3293004,0.052991829,Negligible
WGATAR_1843,0.96532875,0.11892309041644392,Negligible
WGATAR_1844,0.7720492,0.798595274,Negligible
WGATAR_1845,0.9377935,1.1094635526772954,Negligible
WGATAR_1846,0.004789352,0.069128606,Negligible
WGATAR_1847,0.14159495,0.059448402,Negligible
WGATAR_1848,1.057051,0.41892159690727754,Negligible
WGATAR_1849,1.8965441,3.4817223348128685,weak
WGATAR_185,0.74683964,0.15544257021635002,Negligible
WGATAR_1850,0.2789786,0.14176526530110545,Negligible
WGATAR_1851,0.63665676,0.1030162775658362,Negligible
WGATAR_1852,0.042984366,0.009835822,Negligible
WGATAR_1853,1.7698045,1.8613074439383426,Negligible
WGATAR_1854,0.7369194,-0.077857913,Negligible
WGATAR_1855,0.8603573,1.081498253636328,strong
WGATAR_1856,1.5863987,1.3633775459416602,Negligible
WGATAR_1857,0.25307405,0.1192180849084543,Negligible
WGATAR_1858,0.11135411,0.2523455545313207,Negligible
WGATAR_1859,0.2603264,0.5100344270748965,Negligible
WGATAR_186,0.02685064,0.022691398597499357,Negligible
WGATAR_1860,0.641305,0.086070695,Negligible
WGATAR_1861,1.7377524,0.4749691336610256,Negligible
WGATAR_1862,0.64959466,0.12663038671068816,Negligible
WGATAR_1863,-0.008211613,0.085920881,strong
WGATAR_1864,0.94563377,0.090043664,weak
WGATAR_1865,1.574883,1.3646387205896888,Negligible
WGATAR_1866,0.88869524,0.9756151382462837,Negligible
WGATAR_1867,0.8986385,0.4712176024754963,Negligible
WGATAR_187,0.62344325,0.001336919,Negligible
WGATAR_188,0.673229,0.694241282,Negligible
WGATAR_189,0.25872183,-0.014325577,Negligible
WGATAR_19,1.2980119,1.9926616571940021,Negligible
WGATAR_20,1.381679,1.8576893619854005,weak
WGATAR_2033,0.82888275,0.4110900928548902,Negligible
WGATAR_2034,0.8939778,0.17735777613398554,Negligible
WGATAR_2035,0.39255118,0.14048123627247974,Negligible
WGATAR_2036,0.65325785,1.4731857482657922,strong
WGATAR_2037,1.5221641,3.128794559843743,Negligible
WGATAR_2038,1.9706609,0.17086553454664521,strong
WGATAR_2039,0.33680493,0.23936969540712116,Negligible
WGATAR_2040,0.19933319,-0.136214904,Negligible
WGATAR_2041,0.28332323,0.17301136882940338,Negligible
WGATAR_2042,0.074177444,0.26172796168271606,Negligible
WGATAR_2043,0.16900122,0.8005613039374698,Negligible
WGATAR_2044,1.4568367,1.8275807901889434,Negligible
WGATAR_2045,0.3433249,0.5838868309055185,Negligible
WGATAR_2046,0.21657038,0.027007208016583517,Negligible
WGATAR_2047,0.31085443,0.2575828626210157,Negligible
WGATAR_2048,1.0920594,1.3776137977006973,weak
WGATAR_2049,1.4606019,1.8193244366598025,strong
WGATAR_2050,0.013641894,-0.015337724,Negligible
WGATAR_2051,0.71508837,0.5335807491595697,Negligible
WGATAR_2052,0.26919007,-0.007490338,Negligible
WGATAR_2053,0.40622282,0.3115071077788328,Negligible
WGATAR_2054,0.7408614,0.9637468273609766,Negligible
WGATAR_2055,-0.04383278,-0.008964666,Negligible
WGATAR_2056,0.3725381,-0.0049706,Negligible
WGATAR_2057,0.33364034,0.5775857365795936,Negligible
WGATAR_2058,0.7738185,1.0096220701953298,Negligible
WGATAR_2059,0.010911644,-0.020175484,Negligible
WGATAR_2060,0.017926097,-0.032709126,Negligible
WGATAR_2061,0.019999504,0.02951195,Negligible
WGATAR_2062,0.452973,0.2575697656751178,weak
WGATAR_2063,0.2710967,0.13144179507107634,Negligible
WGATAR_2064,0.48617244,0.24610497117738403,Negligible
WGATAR_2065,0.23761928,1.1994775321124487,Negligible
WGATAR_2066,0.93047976,2.8109959981312955,Negligible
WGATAR_2067,0.4221909,1.4996642317402165,Negligible
WGATAR_2068,0.124723315,0.15490564585636868,Negligible
WGATAR_2069,0.45890462,0.19449684562862046,Negligible
WGATAR_2070,0.82364094,0.8256802447241121,Negligible
WGATAR_2071,1.5452523,0.007255924,Negligible
WGATAR_2072,0.41869903,0.7623655613252023,Negligible
WGATAR_2073,0.035480976,-0.256067767,Negligible
WGATAR_2074,2.2573376,2.3145203468015754,Negligible
WGATAR_2075,0.3033927,0.063027013,Negligible
WGATAR_2076,2.719543,3.4941159209880057,strong
WGATAR_2077,1.214787,0.7524959139862961,Negligible
WGATAR_2078,0.63951564,0.46769097201744225,Negligible
WGATAR_2079,1.3389959,1.9488329767755266,Negligible
WGATAR_2080,0.88736,0.9473738986782063,Negligible
WGATAR_2081,0.7073636,0.8073759868790061,Negligible
WGATAR_2082,0.013289452,-0.74649277,Negligible
WGATAR_2083,0.1704495,0.26062064711445854,Negligible
WGATAR_2084,1.3786385,0.12977320022925093,Negligible
WGATAR_2085,0.5165582,0.5196116634317203,Negligible
WGATAR_2086,0.48125768,0.1801550803245513,Negligible
WGATAR_2087,1.5275979,0.3300877004418157,Negligible
WGATAR_2088,1.9156055,2.363114749679102,Negligible
WGATAR_2089,0.004492283,0.32947777279783663,Negligible
WGATAR_2090,0.66165674,0.2648487662406901,Negligible
WGATAR_2091,-0.085636854,-0.139481734,Negligible
WGATAR_2092,0.41755676,0.22237636649600545,Negligible
WGATAR_2093,0.044697285,-0.037065651,Negligible
WGATAR_2094,0.138942,0.041508327290784026,Negligible
WGATAR_2095,0.054682255,0.18602879866164262,Negligible
WGATAR_2096,1.189702,-0.030503766,Negligible
WGATAR_2097,0.07199478,0.02626771,Negligible
WGATAR_2098,0.17358875,0.038612386259340714,Negligible
WGATAR_2099,0.07702112,0.080033884,Negligible
WGATAR_21,0.08160317,0.4941987194542271,Negligible
WGATAR_2100,0.9770907,0.25944402757060203,Negligible
WGATAR_2101,0.6673777,0.2647438951745125,Negligible
WGATAR_2102,1.8748066,0.8868214856879852,Negligible
WGATAR_2103,0.3098538,-0.024645404,Negligible
WGATAR_2104,0.026834369,-0.082693769,Negligible
WGATAR_22,0.5008595,0.8823015083250159,Negligible
WGATAR_2262,0.55698276,0.27940781249642854,Negligible
WGATAR_2263,0.8485898,0.3634313478835085,Negligible
WGATAR_2264,0.7758437,0.251566655,weak
WGATAR_2265,0.28408325,0.23169349447380294,weak
WGATAR_2266,0.583431,1.059395928926309,Negligible
WGATAR_2267,0.0659101,0.5245568754998247,Negligible
WGATAR_2268,1.295125,0.7047866792112173,Negligible
WGATAR_2269,0.005528092,-0.008095956,Negligible
WGATAR_2270,1.0003121,3.5460121503983815,Negligible
WGATAR_2271,0.5017066,2.1173053058848073,Negligible
WGATAR_2272,1.5887668,1.6588251275153043,weak
WGATAR_2273,1.2052636,1.735457108,strong
WGATAR_2274,0.6031004,0.3732066397991307,Negligible
WGATAR_2275,0.83658266,0.44146745669275494,Negligible
WGATAR_2276,0.3464743,-0.141162428,Negligible
WGATAR_2277,0.7393589,0.28277186611002525,Negligible
WGATAR_2278,0.32723165,0.11285336335649188,Negligible
WGATAR_2279,0.063366175,-0.056207788,Negligible
WGATAR_2280,0.39295626,0.10442819066231851,Negligible
WGATAR_2281,0.003815055,-0.014995045,Negligible
WGATAR_2282,0.033138394,-0.045997032,Negligible
WGATAR_2283,0.013021231,0.09129278,Negligible
WGATAR_2284,0.99943304,0.213806071,Negligible
WGATAR_2285,0.07927632,0.063377302,Negligible
WGATAR_2286,0.64628744,-0.022107177,Negligible
WGATAR_2287,1.3435626,1.0425260001952585,Negligible
WGATAR_2288,1.4301143,0.12657124502393877,Negligible
WGATAR_2289,0.9880849,0.1660248908847072,Negligible
WGATAR_2290,0.2917546,0.013080398,Negligible
WGATAR_2291,1.6979976,1.9248946709977701,Negligible
WGATAR_2292,1.563834,0.387312107,Negligible
WGATAR_2293,0.4761176,0.012129105162411946,Negligible
WGATAR_2294,0.15721828,0.13389987838671755,Negligible
WGATAR_2295,0.16512251,0.008585391,Negligible
WGATAR_2296,0.42951995,0.058767285,Negligible
WGATAR_2297,0.9493963,0.9195257176641882,Negligible
WGATAR_2298,0.5335773,0.12347541126440875,weak
WGATAR_2299,0.09059751,-0.014347371,Negligible
WGATAR_23,0.5594764,0.078659663,Negligible
WGATAR_2300,2.3535743,3.4850512747127245,weak
WGATAR_2301,1.2380879,0.5495743437330044,Negligible
WGATAR_2302,0.5833219,0.2504662040337912,Negligible
WGATAR_2303,0.26233482,0.020562806,Negligible
WGATAR_2304,0.04503441,0.06464349,Negligible
WGATAR_2305,1.6495038,2.391067252619341,Negligible
WGATAR_2306,0.94058275,1.1937809568700546,weak
WGATAR_2307,0.15458465,0.42658623432134013,Negligible
WGATAR_2308,0.495126,0.19408168460665953,strong
WGATAR_2309,0.26224303,0.1512607369341935,Negligible
WGATAR_2310,0.6292056,0.2639322025157349,Negligible
WGATAR_2311,0.1462965,-0.086326928,Negligible
WGATAR_2312,0.020535588,0.14140006654267423,Negligible
WGATAR_2313,0.5073961,0.19491515471892432,Negligible
WGATAR_2314,1.9921253,1.5051769508610384,Negligible
WGATAR_2315,0.92464614,0.5417734690321214,Negligible
WGATAR_2316,1.4777282,0.6747004852627009,weak
WGATAR_2317,1.7298532,0.8625277679926862,Negligible
WGATAR_2318,1.9071013,1.4918824151056598,Negligible
WGATAR_2319,0.90246916,0.2408601370439447,Negligible
WGATAR_2320,1.3038042,0.019578060191308033,Negligible
WGATAR_2321,0.36527896,0.2177089454131389,Negligible
WGATAR_2322,0.01475668,0.14295101827056955,Negligible
WGATAR_2323,0.8448863,0.6155212986567642,Negligible
WGATAR_2324,1.3667667,1.0644591835172124,Negligible
WGATAR_2325,0.19292927,0.24659470005558237,Negligible
WGATAR_2326,0.3897767,0.7752828866164978,Negligible
WGATAR_2327,0.7108066,1.4023822292414874,weak
WGATAR_238,0.15860784,0.026772247974632124,Negligible
WGATAR_239,1.2874079,0.2738389686576074,weak
WGATAR_24,0.04459536,-0.034880048,Negligible
WGATAR_240,0.16279447,0.013563198175047586,Negligible
WGATAR_241,1.0761265,0.11366329870758385,Negligible
WGATAR_242,0.32494724,-0.333041762,Negligible
WGATAR_2421,0.10934591,0.057795666,Negligible
WGATAR_2422,0.6830183,0.24858169834420085,Negligible
WGATAR_2423,0.7929585,0.30502571463738903,Negligible
WGATAR_2424,1.633193,0.1318386655752355,Negligible
WGATAR_2425,0.452574,0.035995652936198774,Negligible
WGATAR_2426,0.011290371,0.037143299,Negligible
WGATAR_2427,1.74423,1.0117171437276813,Negligible
WGATAR_2428,1.0743722,2.8782614463846414,Negligible
WGATAR_2429,0.01028645,0.071029161,Negligible
WGATAR_243,0.5674429,0.7169706539523237,Negligible
WGATAR_2430,1.0969534,0.19448797669707546,Negligible
WGATAR_2431,0.37999296,0.6525191075675465,Negligible
WGATAR_2432,0.116870165,0.097965645,Negligible
WGATAR_2433,1.2808264,0.2505641627868105,weak
WGATAR_2437,0.06213963,0.12314052973765338,Negligible
WGATAR_2438,1.5293832,2.1151829455487836,weak
WGATAR_2439,1.801276,4.650062618780037,Negligible
WGATAR_244,0.7731878,0.22445565815892465,Negligible
WGATAR_2440,0.16483569,0.6442008309081011,Negligible
WGATAR_2441,0.16249251,0.6987588232216297,strong
WGATAR_2442,1.3013129,1.916674957716229,Negligible
WGATAR_2443,0.6335805,1.2888404240753668,Negligible
WGATAR_2444,0.4060061,0.21894139447604533,Negligible
WGATAR_2445,0.95501316,0.20114073570878482,Negligible
WGATAR_2446,0.7700646,0.3598985663915404,Negligible
WGATAR_2447,0.9212765,0.35416696485121435,Negligible
WGATAR_2448,0.6487321,-0.134120386,weak
WGATAR_2449,1.6579868,0.3969855153285913,Negligible
WGATAR_245,0.55866885,0.5675824388986965,Negligible
WGATAR_2450,0.8211713,0.15610445714736199,Negligible
WGATAR_2451,2.0170507,1.6431500239042487,Negligible
WGATAR_2452,1.2720113,1.844077238218531,strong
WGATAR_2453,1.5919198,0.17336585265833127,Negligible
WGATAR_2454,0.05300945,0.091414585,Negligible
WGATAR_2455,1.423814,2.2889117910938364,weak
WGATAR_2456,0.99478984,0.8856556794195879,Negligible
WGATAR_2457,1.2691808,1.1794856371597346,weak
WGATAR_2458,1.1434106,0.082878192,Negligible
WGATAR_2459,0.008376777,0.056398498,Negligible
WGATAR_246,0.08617973,0.2492831701900068,Negligible
WGATAR_2460,1.2093809,3.4094107103426263,weak
WGATAR_2461,0.5347381,0.15576860035519846,Negligible
WGATAR_2462,0.88335276,2.2566089993307297,Negligible
WGATAR_2463,0.4798543,-0.169530781,weak
WGATAR_2464,1.0128083,0.3361238927507263,Negligible
WGATAR_2465,0.26020384,0.12249627198174395,Negligible
WGATAR_2466,0.5713587,0.11613652314595513,Negligible
WGATAR_2467,0.2205391,0.018402013034229503,Negligible
WGATAR_2468,0.22083884,0.024617639278686432,Negligible
WGATAR_2469,0.14546776,-0.1312902,strong
WGATAR_247,-0.19349885,0.23699415984287353,Negligible
WGATAR_2470,0.56085443,0.2373441251916204,Negligible
WGATAR_2471,0.5398927,0.5732569731670529,Negligible
WGATAR_2472,1.5261009,1.2586584772533045,Negligible
WGATAR_2473,0.15709329,0.10407119800617148,weak
WGATAR_2474,1.4830966,0.089416486,Negligible
WGATAR_2475,0.6047057,0.4732937038150721,Negligible
WGATAR_2476,1.2846574,0.7369565034893801,strong
WGATAR_2477,1.8345101,2.7475209113794175,Negligible
WGATAR_2478,2.056696,0.7579222227969233,Negligible
WGATAR_2479,0.043150663,0.31114893143355915,Negligible
WGATAR_248,0.22926474,0.26636754178528643,Negligible
WGATAR_2480,0.7743261,2.4953714340345394,Negligible
WGATAR_2481,0.45160365,0.6779935630834428,Negligible
WGATAR_2482,1.1243107,0.43567624645332986,weak
WGATAR_2483,1.1774085,3.4700188087330908,strong
WGATAR_2484,0.22351068,0.2796672797585753,weak
WGATAR_2485,0.20703006,-0.356228066,Negligible
WGATAR_2486,0.2327249,0.13480041114685282,strong
WGATAR_2487,0.7603425,0.2719494367810278,Negligible
WGATAR_2488,1.1093438,0.4227846953359409,strong
WGATAR_2489,0.7950127,1.2192686518215958,Negligible
WGATAR_249,1.9493141,1.9120865474362794,weak
WGATAR_2490,0.22552061,1.4851678076399941,Negligible
WGATAR_2491,1.3395387,0.21607650027911163,Negligible
WGATAR_2492,0.11021078,0.097340724,Negligible
WGATAR_2493,0.34456122,0.24873782110468676,Negligible
WGATAR_2494,-0.004836559,0.36267771173862073,Negligible
WGATAR_2495,0.6749506,0.030944200299095503,Negligible
WGATAR_2496,1.7402782,0.6137482607873872,Negligible
WGATAR_2497,0.27694184,0.24060157188982134,Negligible
WGATAR_2498,0.10334325,0.13593249743545174,weak
WGATAR_2499,0.80451924,0.7886998311940361,strong
WGATAR_25,0.06005037,0.012865150128980318,Negligible
WGATAR_250,0.37414348,0.056634448671163407,Negligible
WGATAR_2500,0.6817776,0.08230712,Negligible
WGATAR_2501,1.8803778,1.943592283062573,Negligible
WGATAR_2502,0.9058876,0.18798766819321178,Negligible
WGATAR_2503,0.97597945,0.2456835694586524,Negligible
WGATAR_2504,0.31843877,0.2522925261883591,Negligible
WGATAR_2505,0.3521955,0.068349769,Negligible
WGATAR_2506,0.2805181,0.013451366735825476,Negligible
WGATAR_2507,0.2684986,0.7939797888588285,Negligible
WGATAR_2508,1.0498469,0.18189020943988854,Negligible
WGATAR_2509,0.1346339,0.085256381,Negligible
WGATAR_251,-0.004027367,0.031513266,Negligible
WGATAR_2510,0.29901248,-0.381335539,Negligible
WGATAR_2511,0.87647766,0.7383504655287212,weak
WGATAR_2512,0.39312053,0.6545356933078745,Negligible
WGATAR_2513,0.7956184,1.7488442635061998,Negligible
WGATAR_2514,0.9544076,1.2850495680094616,Negligible
WGATAR_2515,0.18066537,0.028011917154356206,Negligible
WGATAR_2516,0.06885004,0.12027260870948958,Negligible
WGATAR_2517,0.23001516,-0.016955291,Negligible
WGATAR_2518,1.2230417,0.39577122227296135,Negligible
WGATAR_2519,0.9084629,0.6188621099098848,Negligible
WGATAR_252,1.1148659,0.5113062397365223,Negligible
WGATAR_2520,0.788919,0.6744925731120879,Negligible
WGATAR_2521,1.8693805,2.1351239404916638,Negligible
WGATAR_2522,1.3682289,0.1898710833864028,weak
WGATAR_2523,1.1964552,0.10714661325874086,strong
WGATAR_2524,0.82823294,0.038804707,Negligible
WGATAR_2525,1.3252121,0.2367550187821301,Negligible
WGATAR_2526,1.1612704,0.2320514816172683,Negligible
WGATAR_2527,1.6567516,1.9771438163391628,Negligible
WGATAR_2528,1.0196543,0.29099678991908007,Negligible
WGATAR_2529,0.31346786,0.11280424287513147,Negligible
WGATAR_253,0.6725807,0.7105583480983007,Negligible
WGATAR_2530,1.1197463,0.7605068229019067,Negligible
WGATAR_2531,-0.009511769,-0.14611782,Negligible
WGATAR_2532,0.3422255,0.061986445,Negligible
WGATAR_2533,1.788828,3.8876835674768633,Negligible
WGATAR_2534,0.5193138,0.5652817760531983,Negligible
WGATAR_2535,0.8611784,1.7770430467328242,weak
WGATAR_2536,0.015784502,-0.096966775,Negligible
WGATAR_2537,0.2837667,-0.030963994,Negligible
WGATAR_2538,0.035221398,-0.166095174,Negligible
WGATAR_2539,0.20135391,-0.055438822,Negligible
WGATAR_254,0.051223516,0.063862786,Negligible
WGATAR_2540,0.67648953,0.12076139864203356,Negligible
WGATAR_2541,1.5046493,0.7757273196765244,Negligible
WGATAR_2542,0.9708476,1.3122579259251377,Negligible
WGATAR_2543,1.5884657,1.094549487434395,Negligible
WGATAR_2544,1.0269285,0.6870070875211012,Negligible
WGATAR_255,0.9150274,0.4129220255567822,Negligible
WGATAR_256,0.07891059,-0.052547206,Negligible
WGATAR_257,0.8094833,0.47835207350529063,Negligible
WGATAR_258,0.42504072,-0.022196128,Negligible
WGATAR_259,1.3510828,0.101109815,Negligible
WGATAR_26,0.41237843,0.031697074,Negligible
WGATAR_260,0.01196146,0.020938107,strong
WGATAR_261,0.3432274,0.8197015930792305,Negligible
WGATAR_262,0.019704461,0.051129374733171695,Negligible
WGATAR_263,0.075127006,-0.147745904,Negligible
WGATAR_264,0.7072862,0.10930351344595096,Negligible
WGATAR_265,0.49722493,-0.042825867,Negligible
WGATAR_266,0.8602607,0.38919899036881256,Negligible
WGATAR_267,0.045572817,0.11530140141469508,Negligible
WGATAR_268,1.4582386,0.1493436025278318,Negligible
WGATAR_269,0.2806276,0.28317148308396867,weak
WGATAR_27,0.006015897,0.00526087,Negligible
WGATAR_270,1.0869138,1.5116983085876792,Negligible
WGATAR_271,0.2468124,0.08636504,Negligible
WGATAR_272,0.9187783,0.029262066057428593,Negligible
WGATAR_273,0.2602682,1.0250257650025296,Negligible
WGATAR_274,1.0757713,2.2888533489395595,Negligible
WGATAR_275,-0.29274273,-1.534345055,Negligible
WGATAR_276,0.9172649,0.085378848,Negligible
WGATAR_277,1.614859,0.11949684651416081,Negligible
WGATAR_278,0.59382075,0.029936074401366378,Negligible
WGATAR_279,0.35181177,0.026486826701310973,Negligible
WGATAR_28,1.6554701,0.8169423838660541,Negligible
WGATAR_280,0.25820506,0.046144349,Negligible
WGATAR_281,1.5512211,2.533882698540422,Negligible
WGATAR_282,1.8341868,4.408475395761724,Negligible
WGATAR_283,0.07552314,0.089112014,weak
WGATAR_284,0.042717814,0.091287744,Negligible
WGATAR_285,1.5660746,0.4543138653349526,Negligible
WGATAR_286,2.0348186,2.0298396673725563,Negligible
WGATAR_287,0.45586538,1.0800147483616662,Negligible
WGATAR_288,0.5975325,1.5934029602328426,Negligible
WGATAR_289,0.23595095,0.25236123553141887,strong
WGATAR_29,0.5040827,0.28812755081087804,Negligible
WGATAR_290,0.66781425,0.398351571,Negligible
WGATAR_291,0.06812143,-0.064503112,Negligible
WGATAR_292,0.7204716,0.13270650452684132,Negligible
WGATAR_293,0.08314568,0.080790734,Negligible
WGATAR_294,1.0829248,0.10645241957044199,Negligible
WGATAR_295,0.05653715,0.021422637208167505,Negligible
WGATAR_296,0.7508031,1.5386247843907703,Negligible
WGATAR_297,1.4538786,2.1724197865155084,Negligible
WGATAR_298,0.2957672,0.053412258,Negligible
WGATAR_299,-0.07682371,-0.610531436,Negligible
WGATAR_30,1.917843,1.1732918595830788,Negligible
WGATAR_300,1.1400908,1.0484125018841333,Negligible
WGATAR_301,1.6516863,-0.015985877,Negligible
WGATAR_302,0.52464104,-0.157507384,Negligible
WGATAR_303,0.062420666,0.045176336,Negligible
WGATAR_304,0.40746343,0.025889281,Negligible
WGATAR_305,0.067322016,0.6969618497569451,Negligible
WGATAR_306,0.9547595,0.48729680139902953,Negligible
WGATAR_307,0.04829049,0.012561832154649122,Negligible
WGATAR_308,0.99073863,0.635164607,Negligible
WGATAR_309,1.1368265,2.733089524254345,weak
WGATAR_31,0.20033789,0.082528883,Negligible
WGATAR_310,0.9656613,0.8062921826706111,Negligible
WGATAR_311,0.47211838,1.3464384386133728,Negligible
WGATAR_32,1.1304996,0.26878632443964556,Negligible
WGATAR_33,0.0992645,-0.006928151,Negligible
WGATAR_34,0.26695228,0.7413670981081879,Negligible
WGATAR_35,1.5835469,1.8385385130768856,Negligible
WGATAR_36,0.2349326,0.079766391,Negligible
WGATAR_37,0.010409236,0.052103685,Negligible
WGATAR_38,0.6715932,0.027751064030253736,Negligible
WGATAR_39,0.3518868,-0.11622529,Negligible
WGATAR_40,0.03390169,-0.183283535,Negligible
WGATAR_41,1.5011599,0.5841689804333493,Negligible
WGATAR_42,1.0557295,0.8213295860576949,strong
WGATAR_43,0.76206064,0.29529267116119406,Negligible
WGATAR_44,0.68868,0.050526694,Negligible
WGATAR_45,1.9817369,1.774050666071529,strong
WGATAR_46,2.0908594,1.9282734619943787,Negligible
WGATAR_47,0.14006245,0.003689215,Negligible
WGATAR_48,0.7870937,0.086799547,Negligible
WGATAR_49,0.0974738,0.2586204686868717,Negligible
WGATAR_50,0.40216327,0.2306240960177015,strong
WGATAR_51,1.0648663,1.8139556226656084,Negligible
WGATAR_52,1.1201727,0.8704203713070142,Negligible
WGATAR_524,1.5105164,1.8851579234982514,Negligible
WGATAR_525,2.2397926,1.2351521332664237,Negligible
WGATAR_526,1.592136,0.7592352557461064,Negligible
WGATAR_527,0.027126014,0.029727462230622836,Negligible
WGATAR_528,1.0080278,0.6325439599589056,Negligible
WGATAR_529,0.603101,0.699008318,Negligible
WGATAR_53,0.906107,0.092487741,Negligible
WGATAR_530,0.45373797,1.303256971630479,Negligible
WGATAR_531,0.94641495,1.4644651359587244,Negligible
WGATAR_532,1.1749501,1.0275208090202532,Negligible
WGATAR_533,0.72262263,1.4728380735081088,Negligible
WGATAR_534,0.34294677,0.5889664453878725,Negligible
WGATAR_535,0.47178066,0.19946937184889157,Negligible
WGATAR_536,0.21938145,0.059827433219571624,Negligible
WGATAR_537,0.2442556,-0.313838967,Negligible
WGATAR_538,0.003510475,-0.372927233,Negligible
WGATAR_539,0.51245546,0.4140464055228501,Negligible
WGATAR_54,0.13504308,0.3856256783651659,Negligible
WGATAR_540,0.707077,0.20582205915332985,weak
WGATAR_541,0.7309971,0.062375744,weak
WGATAR_542,0.01477176,0.052251203648890465,Negligible
WGATAR_543,2.024323,0.7684940828087692,weak
WGATAR_544,0.64651203,-0.114835236,Negligible
WGATAR_545,-0.002506197,-0.067166739,Negligible
WGATAR_546,0.5636064,-0.11681874,Negligible
WGATAR_547,0.10122174,0.21168913215067697,Negligible
WGATAR_548,0.28059024,-0.010904175,Negligible
WGATAR_549,0.04129857,0.055826575,Negligible
WGATAR_55,0.34838468,0.092947448,weak
WGATAR_550,1.2033919,1.0082903079624115,Negligible
WGATAR_551,0.7939,0.790383598,Negligible
WGATAR_552,0.6084677,0.6092551206964325,weak
WGATAR_553,0.77088284,1.3451010686980032,weak
WGATAR_554,0.9945009,1.1620558208822906,Negligible
WGATAR_555,0.8126755,2.0739364727470506,Negligible
WGATAR_556,1.8746483,2.346444208609204,Negligible
WGATAR_557,0.7529085,0.32419118486427845,Negligible
WGATAR_558,0.55414724,0.2709112419441988,weak
WGATAR_559,1.5462031,1.6960721444070024,weak
WGATAR_56,1.469175,1.5266757746155748,Negligible
WGATAR_560,0.24588728,2.1539462223353896,Negligible
WGATAR_561,-0.11929989,-0.023114801,Negligible
WGATAR_562,0.114943504,0.038727285,Negligible
WGATAR_563,0.024625063,-0.046885317,Negligible
WGATAR_564,0.17714792,0.022153001712669984,Negligible
WGATAR_565,1.1614138,0.43276783492769644,Negligible
WGATAR_566,0.24677956,0.032061932459662934,weak
WGATAR_567,1.5794995,1.990736844147566,strong
WGATAR_568,1.1077758,1.1626730456422638,Negligible
WGATAR_569,0.81957245,0.6229688616243403,Negligible
WGATAR_57,1.8590047,0.26088469314103113,Negligible
WGATAR_570,0.5741112,0.20540437597998829,Negligible
WGATAR_571,0.381225,0.33153293282811525,Negligible
WGATAR_572,1.1150116,1.0053409036499381,weak
WGATAR_573,0.057539463,0.043286789,Negligible
WGATAR_574,0.11972332,0.037852025,Negligible
WGATAR_575,0.58408594,0.8734110868251498,weak
WGATAR_576,0.41122174,0.5075056574783812,Negligible
WGATAR_577,0.57188296,1.0960328886376158,Negligible
WGATAR_578,0.74613726,0.796336656,weak
WGATAR_579,0.24794877,0.22224152253144192,Negligible
WGATAR_58,1.990752,1.4987730903607919,Negligible
WGATAR_580,1.2845857,-0.037448571,Negligible
WGATAR_581,0.9142562,0.9432249087071343,Negligible
WGATAR_582,0.31074905,0.6879559097588843,Negligible
WGATAR_583,1.2604537,0.7864648650090078,weak
WGATAR_584,1.4041337,1.3559735093522076,weak
WGATAR_585,0.4434092,0.9461916771602427,Negligible
WGATAR_586,1.5970734,1.0581331521055684,strong
WGATAR_587,1.3611882,0.7754323115913473,Negligible
WGATAR_588,0.14386797,0.15766027161305504,Negligible
WGATAR_589,1.6020951,2.5297759262302346,Negligible
WGATAR_59,0.29125512,0.819452393,Negligible
WGATAR_590,1.0111173,0.5196274933637349,Negligible
WGATAR_591,1.7139904,1.3326772802103755,Negligible
WGATAR_592,0.25817323,0.46284747431162065,Negligible
WGATAR_593,1.1610485,0.5606677097945715,Negligible
WGATAR_594,0.093449116,-0.521405648,Negligible
WGATAR_595,2.0495224,2.6371327279590537,strong
WGATAR_596,0.87784666,0.091784148,Negligible
WGATAR_597,-0.004703045,0.293809772,Negligible
WGATAR_598,0.30298495,0.29520413238496324,Negligible
WGATAR_599,0.09296024,0.1157320809838514,Negligible
WGATAR_60,0.88454115,0.39703878217326527,Negligible
WGATAR_600,0.34837174,0.24699062418545648,weak
WGATAR_601,0.9058141,0.3196388361813498,Negligible
WGATAR_602,0.13130176,-0.190690214,Negligible
WGATAR_603,0.14780629,0.1610423744945052,Negligible
WGATAR_604,0.4773463,0.8475242098155512,Negligible
WGATAR_605,0.16433638,0.095924889,Negligible
WGATAR_606,0.021588087,-0.036819821,Negligible
WGATAR_607,0.07601035,0.07815673,Negligible
WGATAR_608,0.3152846,0.4197662829365232,Negligible
WGATAR_609,0.8226123,1.967527512490223,Negligible
WGATAR_610,0.4110043,0.7724004243693856,Negligible
WGATAR_611,0.014236391,0.27985418347329316,weak
WGATAR_612,0.3075496,0.076347244,Negligible
WGATAR_613,0.93477964,0.8716470736012836,Negligible
WGATAR_614,1.1785967,2.1934620835484977,Negligible
WGATAR_615,0.79628134,3.8851439907807843,Negligible
WGATAR_616,0.21933007,0.1783101698152052,Negligible
WGATAR_617,0.3924591,0.3416363131895144,Negligible
WGATAR_618,0.47012126,0.086570598,Negligible
WGATAR_619,0.7977387,0.33471972065120026,Negligible
WGATAR_620,0.584029,0.17015910165735093,weak
WGATAR_621,0.16268039,0.037697524908262725,Negligible
WGATAR_622,0.52463484,0.5932819624180673,Negligible
WGATAR_623,0.4587686,1.2947803680140058,Negligible
WGATAR_624,0.67959,0.855231143,Negligible
WGATAR_625,-0.007652044,-0.013994744,Negligible
WGATAR_626,0.49304616,0.2180448210324422,Negligible
WGATAR_627,0.4670707,0.040372572,Negligible
WGATAR_628,-0.02636075,0.076623257,Negligible
WGATAR_629,0.30094624,0.7979445400578555,Negligible
WGATAR_630,0.060305595,0.2938888845622548,Negligible
WGATAR_631,0.38131624,0.5434572227847321,Negligible
WGATAR_632,0.12696713,0.084838046,Negligible
WGATAR_633,0.24661389,-0.040082912,Negligible
WGATAR_634,0.018375456,0.07742829,Negligible
WGATAR_635,0.65385616,-0.032061435,Negligible
WGATAR_636,0.39273596,0.7932416493071464,strong
WGATAR_637,0.9842618,0.024246027,Negligible
WGATAR_638,0.22839653,-0.0307242,Negligible
WGATAR_639,-0.041233957,-0.071926418,Negligible
WGATAR_640,0.16482663,-0.050811523,Negligible
WGATAR_641,1.0870315,0.7594294087706184,Negligible
WGATAR_689,1.188005,1.0753724448997835,Negligible
WGATAR_690,0.32060027,-0.566632647,Negligible
WGATAR_691,0.5136733,0.1405811906355594,Negligible
WGATAR_692,1.0077201,0.4718204539178137,Negligible
WGATAR_693,0.53723145,0.9107308007344244,Negligible
WGATAR_694,1.5814908,0.8848796660563832,weak
WGATAR_695,0.5610333,0.20789227153162193,Negligible
WGATAR_696,1.5406835,3.7332212395914857,Negligible
WGATAR_697,0.7114842,2.6116358500199093,Negligible
WGATAR_698,0.5085628,0.3147015376790856,Negligible
WGATAR_699,0.8618107,0.2475445547565462,Negligible
WGATAR_700,0.8975508,0.28245853367793655,weak
WGATAR_701,0.1235922,-0.01735065,Negligible
WGATAR_702,1.1802578,1.1943898591829176,Negligible
WGATAR_703,0.47293013,0.10880129599089572,Negligible
WGATAR_704,1.4472082,1.8252965260871763,Negligible
WGATAR_705,0.9442501,2.6472295229365455,Negligible
WGATAR_706,1.0433216,1.8439222362461771,Negligible
WGATAR_707,0.26908922,0.14834778891830444,weak
WGATAR_708,0.27553213,-0.131968658,Negligible
WGATAR_709,0.006133318,0.2242927439056176,Negligible
WGATAR_710,0.48651618,0.5954434177585425,Negligible
WGATAR_711,1.1053302,1.9892867642034286,Negligible
WGATAR_712,0.80079865,1.3240542797299852,Negligible
WGATAR_713,0.18010348,-0.005245006,Negligible
WGATAR_714,0.5269475,-0.008803953,Negligible
WGATAR_715,0.45699978,0.5642973219070067,Negligible
WGATAR_716,1.1663234,0.5664348170215715,Negligible
WGATAR_717,0.3885818,0.3040319279212513,Negligible
WGATAR_718,0.22899842,-0.067905787,Negligible
WGATAR_719,0.35779047,1.7384854850688034,Negligible
WGATAR_720,1.4226913,2.330107629,strong
WGATAR_721,1.6744508,0.19849665233467884,Negligible
WGATAR_722,0.6350112,0.28693181059194556,Negligible
WGATAR_723,0.45207542,0.00531223,Negligible
WGATAR_724,0.038307548,0.000628973,Negligible
WGATAR_725,0.054640353,-0.013947557,Negligible
WGATAR_726,0.052786827,0.051243137,strong
WGATAR_727,0.8715867,1.3689839891638529,weak
WGATAR_728,0.62308586,0.8192232197834377,Negligible
WGATAR_729,0.062832355,0.096415889,Negligible
WGATAR_730,1.1459484,0.12353373328250794,strong
WGATAR_731,0.0910058,0.1272431953229785,Negligible
WGATAR_732,0.33555382,0.1445472116965555,strong
WGATAR_733,1.1095808,0.45533574581736247,Negligible
WGATAR_734,0.88161016,0.30578637473104014,weak
WGATAR_735,0.51291174,0.023894641517560156,Negligible
WGATAR_736,0.02210766,-0.062332478,Negligible
WGATAR_737,0.15500736,0.23245687359757572,Negligible
WGATAR_738,0.70289683,0.4890761245664741,Negligible
WGATAR_739,0.041593373,0.159823571,Negligible
WGATAR_740,1.0679909,0.089285513,Negligible
WGATAR_741,0.005777359,0.086624271,Negligible
WGATAR_742,0.8558588,1.5247144494940814,Negligible
WGATAR_743,1.2231908,2.391208661241503,strong
WGATAR_744,0.5184667,0.735087937,Negligible
WGATAR_745,1.2426794,0.4771314945015629,Negligible
WGATAR_746,0.08036518,-0.055752334,Negligible
WGATAR_747,0.8001179,-0.002415622,Negligible
WGATAR_820,1.5075974,1.4122611108621075,weak
WGATAR_821,1.0449783,0.35414974865072185,Negligible
WGATAR_822,0.31468427,0.7819415376075627,Negligible
WGATAR_823,0.8408069,0.7351448248610188,Negligible
WGATAR_824,0.10082263,-0.006098362,Negligible
WGATAR_825,0.20165795,-0.142576242,Negligible
WGATAR_826,0.2134006,-0.083583754,Negligible
WGATAR_827,0.5954206,0.3096743454503595,weak
WGATAR_828,0.22867042,-0.002037206,Negligible
WGATAR_829,0.061536312,0.22518522442857047,Negligible
WGATAR_830,0.24331546,0.31202917315068546,Negligible
WGATAR_831,0.2763636,0.2880370927981754,Negligible
WGATAR_832,0.10046601,0.077796177,Negligible
WGATAR_833,0.49661958,-0.016836288,Negligible
WGATAR_834,0.7885817,-0.064782564,Negligible
WGATAR_835,1.2003369,1.8682101754990939,Negligible
WGATAR_836,0.43304634,1.5389242987209393,Negligible
WGATAR_837,0.7069607,1.118057537802101,Negligible
WGATAR_838,0.8189087,0.49369500792892956,Negligible
WGATAR_839,1.5197964,0.6320917460184294,Negligible
WGATAR_840,0.08219296,-0.107765871,Negligible
WGATAR_841,1.0174505,0.512126757,Negligible
WGATAR_842,0.011773944,0.001114924,Negligible
WGATAR_843,0.5200585,0.1951695888237795,Negligible
WGATAR_844,1.0878963,0.5800848207087765,Negligible
WGATAR_845,0.069073915,0.022844525455828713,Negligible
WGATAR_846,0.045584083,0.052456068335548806,Negligible
WGATAR_847,0.11081827,-0.003134185,Negligible
WGATAR_848,1.0086592,0.2052277557545335,Negligible
WGATAR_849,1.4941025,0.28275255872342714,Negligible
WGATAR_850,0.12410015,-0.029198073,Negligible
WGATAR_851,0.06508821,-0.078937129,Negligible
WGATAR_852,0.08294752,0.028892081474238634,Negligible
WGATAR_853,0.33348316,0.22945302138982138,Negligible
WGATAR_854,0.27052873,0.11273832659391889,Negligible
WGATAR_855,0.07377505,-0.157439346,Negligible
WGATAR_856,0.8358869,0.662561352,Negligible
WGATAR_857,0.73444736,0.51223838,Negligible
WGATAR_858,0.15739202,0.12591959248089102,Negligible
WGATAR_859,0.6566541,0.9174823673598724,Negligible
WGATAR_860,0.48814046,0.20599292286858917,Negligible
WGATAR_861,1.3452848,1.0377576674244176,Negligible
WGATAR_862,0.5281584,0.410484195,Negligible
WGATAR_863,0.06691396,0.20526120006831222,Negligible
WGATAR_864,0.21451169,0.038640034447556926,Negligible
WGATAR_865,0.13784283,0.12260196969643677,Negligible
WGATAR_866,1.7752415,1.5207043093826214,Negligible
WGATAR_867,0.74034965,0.19437060076851898,Negligible
WGATAR_868,1.4915888,0.18880915499981277,Negligible
WGATAR_869,1.5491344,0.5468752532719341,Negligible
WGATAR_870,0.5367297,0.26074218372810143,weak
WGATAR_871,0.77843237,0.8758392301498739,Negligible
WGATAR_872,0.34569043,0.1432235086988452,strong
WGATAR_873,2.078617,1.0292799231736405,weak
WGATAR_874,0.558787,0.2031222413436291,Negligible
WGATAR_875,0.6452951,0.6100785424513234,Negligible
WGATAR_876,0.01394999,0.10144039556002404,Negligible
WGATAR_877,0.22990286,-0.04011175,Negligible
WGATAR_878,1.3545156,2.357057601787141,Negligible
WGATAR_879,0.3787868,0.093524564,Negligible
WGATAR_880,0.2495476,0.25000272921503375,Negligible
WGATAR_881,0.802673,0.6608076810735057,Negligible
WGATAR_882,0.2667749,0.10966282583089049,Negligible
WGATAR_883,0.71601045,0.090600183,Negligible
WGATAR_914,0.29262942,-0.099724502,Negligible
WGATAR_915,0.19664478,0.47085846584083224,Negligible
WGATAR_916,0.004411459,0.009715445,Negligible
WGATAR_917,0.40121138,0.039499252,Negligible
WGATAR_918,1.4170437,0.086903149,weak
WGATAR_919,0.81251717,2.659193158798207,Negligible
WGATAR_920,0.7981911,1.419052948691964,Negligible
WGATAR_921,0.23651236,0.14380100796506584,Negligible
WGATAR_922,2.1126006,1.691380877101269,Negligible
WGATAR_923,0.09146565,-0.067711035,Negligible
WGATAR_924,0.105424464,0.1762173794148757,Negligible
WGATAR_925,0.9960145,0.054672814,Negligible
WGATAR_926,1.1782811,0.4371744552185208,Negligible
WGATAR_927,0.8113489,0.6255851040476745,Negligible
WGATAR_928,0.64250755,0.15378272664799342,Negligible
WGATAR_929,0.6875132,0.098503022,Negligible
WGATAR_930,0.03426987,-0.064896237,Negligible
WGATAR_931,0.47881132,0.3455656162050742,Negligible
WGATAR_932,0.08854687,-0.171724693,Negligible
WGATAR_933,0.8911545,0.2771904357678586,Negligible
WGATAR_934,0.7422545,0.3635646641548882,Negligible
WGATAR_935,0.91418314,1.716790453030257,Negligible
WGATAR_936,1.2083912,2.3075894219234465,Negligible
WGATAR_937,0.47342038,0.6323413558477431,Negligible
WGATAR_962,0.029524446,0.015446081639098996,Negligible
WGATAR_963,0.46172178,0.10557774219526311,Negligible
WGATAR_964,0.51071554,-0.013305421,strong
WGATAR_965,0.16048312,0.787772152,Negligible
WGATAR_966,-0.017532349,0.062962744,weak
WGATAR_967,1.2590168,1.4725830276886196,Negligible
WGATAR_968,0.049027264,-0.046694493,Negligible
WGATAR_969,0.7099299,0.077756218,Negligible
WGATAR_970,0.6023612,0.23404589201272483,Negligible
WGATAR_971,0.042188168,-0.215207151,Negligible
WGATAR_972,0.79796326,1.494763335285039,Negligible
WGATAR_973,-0.18129098,-0.876854039,Negligible
WGATAR_987,0.74962306,0.41375673713336103,Negligible
WGATAR_988,0.003441572,-0.007024502,Negligible
WGATAR_989,0.2870707,-0.088460623,Negligible
WGATAR_990,0.7696505,0.31477491794100065,Negligible
WGATAR_991,0.006328523,0.042825371184740293,weak
